nct,titulo,sponsor,estado_ct,fase,tipo_estudio,fecha_inicio,fecha_fin
NCT01257412,Evaluation of Efficacy and Safety of Dapagliflozin as Monotherapy in Subjects With Type 2 Diabetes Who Have Inadequate Glycaemic Control With Diet and Exercise Alone,AstraZeneca,SUSPENDED,PHASE3,INTERVENTIONAL,2012-01,2013-06
NCT00940641,"Assess the Absorption, Distribution, Metabolism and Excretion of AZD7325 After Intravenous and Oral Administration",AstraZeneca,SUSPENDED,PHASE1,INTERVENTIONAL,2009-08,2009-10
NCT07146113,Treatment Approaches and Biomarkers PRevalence In de Novo MEtastatic Hormone-sensitive Prostate Cancer in Russian Federation,AstraZeneca,SUSPENDED,OBSERVATIONAL,OBSERVATIONAL,2025-06-30,2027-06-30
NCT01340183,"Clinical Study Assessing the Safety, Tolerability, and Pharmacokinetics of Intravenous AZD5099 in Healthy Subjects",AstraZeneca,SUSPENDED,PHASE1,INTERVENTIONAL,2011-05,2011-12
NCT07433062,A Study to Evaluate the Effect of AZD6793 on the Pharmacokinetics and Pharmacodynamics of Metformin in Participants With Type 2 Diabetes Mellitus,AstraZeneca,SUSPENDED,PHASE1,INTERVENTIONAL,2026-01-14,2026-06-18
NCT00065572,Exploratory Study to Assess the Biological Activity of ZD6126 in Subjects With Newly Diagnosed Metastatic Renal Cell Carcinoma (Stage IV),AstraZeneca,SUSPENDED,PHASE2,INTERVENTIONAL,2003-08,2004-02
NCT00901290,Determine the Effects of C-administration of AZD7325 and an Oral Contraceptive in Healthy Female Subjects,AstraZeneca,SUSPENDED,PHASE1,INTERVENTIONAL,2009-05,2009-09
NCT07247292,Epidemiological Study of Treatment Approaches on AQP4-IgG Positive NMOSD in Russia,AstraZeneca,SUSPENDED,OBSERVATIONAL,OBSERVATIONAL,2025-12-23,2029-12-31
NCT01457846,Efficacy and Safety of AZD4547 Versus Paclitaxel in Patients With Advanced Gastric or Gastro-oesophageal Cancer,AstraZeneca,TERMINATED,PHASE2,INTERVENTIONAL,2011-11,2015-02
NCT00263965,ARAMIS: Actions of tesaglitazaR on fAt Metabolism and Insulin Sensitivity,AstraZeneca,TERMINATED,PHASE2,INTERVENTIONAL,2005-08,2006-07
NCT01068756,Effect of Rifampin on the Pharmacokinetics of Dapagliflozin in Healthy Subjects,AstraZeneca,TERMINATED,PHASE1,INTERVENTIONAL,2010-03,2010-04
NCT00967356,AZD5985 Single Ascending Dose Study,AstraZeneca,TERMINATED,PHASE1,INTERVENTIONAL,2009-08,2009-11
NCT00139074,Seroquel in Acute Mania: Study to Investigate if Valproate Add-On Therapy is Superior to Quetiapine Monotherapy in Acutely Manic Patients,AstraZeneca,TERMINATED,PHASE4,INTERVENTIONAL,2005-07,2006-06
NCT02087241,Ph II Trial of Carboplatin and Pemetrexed With or Without AZD1775 for Untreated Lung Cancer,AstraZeneca,TERMINATED,PHASE2,INTERVENTIONAL,2014-03,2015-06
NCT05397171,A First-in-human Study to Evaluate the Safety and Tolerability of AZD8853 in Participants With Selected Advanced/Metastatic Solid Tumours,AstraZeneca,TERMINATED,PHASE1,INTERVENTIONAL,2022-06-07,2023-06-06
NCT00214565,GALLANT 6 Tesaglitazar vs. Pioglitazone,AstraZeneca,TERMINATED,PHASE3,INTERVENTIONAL,2004-08,2006-10
NCT00457899,Rapid Versus Conventional Titration of Quetiapine in Schizophrenia/Schizoaffective Disorder,AstraZeneca,TERMINATED,PHASE3,INTERVENTIONAL,2007-07,2007-09
NCT00860353,"Study to Investigate the Safety, Tolerability and Pharmacokinetics of Single Doses ofAZD2551",AstraZeneca,TERMINATED,PHASE1,INTERVENTIONAL,2009-02,2009-05
NCT01130909,"A Blinded, Four-Way Crossover in Healthy Subjects to Assess EEG After Administration of Ketamine, Placebo and AZD6765",AstraZeneca,TERMINATED,PHASE1,INTERVENTIONAL,2010-05,2011-01
NCT01843062,Comparing Complete Remission After Treatment With Selumetinib/Placebo in Patient With Differentiated Thyroid Cancer,AstraZeneca,TERMINATED,PHASE3,INTERVENTIONAL,2013-08-27,2019-03-06
NCT00579150,Exenatide Pregnancy Registry - Type 2 Diabetes in Pregnancy,AstraZeneca,TERMINATED,OBSERVATIONAL,OBSERVATIONAL,2009-01,2016-04
NCT00471367,"Phase I, Open-label, Dose-escalation, Safety and PK Study of AZD4877",AstraZeneca,TERMINATED,PHASE1,INTERVENTIONAL,2007-04,2008-12
NCT01190072,Lipid-lowering Therapy for Secondary Prevention in Patients Undergoing Elective Percutaneous Coronary Intervention (PCI),AstraZeneca,TERMINATED,OBSERVATIONAL,OBSERVATIONAL,2010-09,2011-03
NCT00226330,GALLEX 6: Study to Evaluate the Safety and Tolerability of Tesaglitazar in Patients With Type 2 Diabetes Mellitus,AstraZeneca,TERMINATED,PHASE3,INTERVENTIONAL,2005-03,2006-12
NCT02403895,AZD2014 and Weekly Paclitaxel in Squamous NSCLC,AstraZeneca,TERMINATED,PHASE2,INTERVENTIONAL,2015-04-15,2016-12-29
NCT00229710,GALLEX 9: Safety and Tolerability of Oral Tesaglitazar When Added to Insulin Therapy in Patients With Type 2 Diabetes,AstraZeneca,TERMINATED,PHASE3,INTERVENTIONAL,2005-02,2006-12
NCT02835599,Registry for the EVolution Of LUng Cancer Therapy Implementation and Outcomes Now,AstraZeneca,TERMINATED,OBSERVATIONAL,OBSERVATIONAL,2016-11-01,2017-04-06
NCT06192004,Study of Non-Small Cell Lung Cancer Patients in the US Receiving Standard-of-Care and Initiating an Approved Therapy With Risk of Pneumonitis/ILD,AstraZeneca,TERMINATED,OBSERVATIONAL,OBSERVATIONAL,2024-01-05,2025-04-30
NCT06639087,A Phase Ib Study of AZD5462 on Top of Dapagliflozin in Participants With Heart Failure and Moderate Renal Impairment,AstraZeneca,TERMINATED,PHASE1,INTERVENTIONAL,2024-09-27,2025-05-29
NCT01416870,Bioequivalence of Bicalutamide New Formulation in Japan,AstraZeneca,TERMINATED,PHASE1,INTERVENTIONAL,2010-07,2010-11
NCT01068184,"A Study to Assess Safety, Tolerability and Pharmacokinetics of of AZD6553 in Healthy Volunteers and Patients With Chronic Obstructive Pulmonary Disease (COPD)",AstraZeneca,TERMINATED,PHASE1,INTERVENTIONAL,2010-02,2010-05
NCT06406400,"Drug-Drug Interaction and Safety of AZD4041 Study (Part 1) and Efficacy, Safety, Pharmacokinetics and Pharmacodynamics of AZD4041 Study in Opioid Use Disorder (Part 2).",AstraZeneca,TERMINATED,PHASE1,INTERVENTIONAL,2024-05-13,2024-07-31
NCT01384292,Assessment of Efficacy and Safety in Relieving Opioid-induced Constipation in Patients With Cancer-related Pain,AstraZeneca,TERMINATED,PHASE3,INTERVENTIONAL,2011-06,2012-09
NCT01838499,"Assessment of the Safety, Tolerability and Efficacy of MEDI8968 in Subjects With Moderate to Severe Hidradenitis Suppurativa",AstraZeneca,TERMINATED,PHASE2,INTERVENTIONAL,2013-05,2014-10
NCT00261417,Dose Response Study in Japanese Patients,AstraZeneca,TERMINATED,PHASE2,INTERVENTIONAL,2004-05,2005-10
NCT04949425,A Study to Assess the Safety and Tolerability of Adavosertib for Patients With Advanced Solid Tumours,AstraZeneca,TERMINATED,PHASE1,INTERVENTIONAL,2021-09-13,2022-04-21
NCT01944618,forREAL: FORXIGA PRESCRIPTION EVENT MONITORING PROGRAM (PEMP),AstraZeneca,TERMINATED,OBSERVATIONAL,OBSERVATIONAL,2013-10,2015-10
NCT00251940,GALLANT 7 Tesaglitazar Add-on to Sulphonylurea,AstraZeneca,TERMINATED,PHASE3,INTERVENTIONAL,2004-07,2006-03
NCT03310320,Study to Determine if AZD0284 is Effective and Safe in Treating Plaque Psoriasis,AstraZeneca,TERMINATED,PHASE1,INTERVENTIONAL,2017-11-29,2018-04-18
NCT01007929,"Open-Label Absorption, Distribution, Metabolism, Excretion (ADME) and Pharmacokinetics (PK) Following a Single Oral Dose of AZD1236 in Healthy Male Subjects",AstraZeneca,TERMINATED,PHASE1,INTERVENTIONAL,2009-10,2009-11
NCT02574637,"Evaluation of Efficacy and Safety of Brazikumab (MEDI2070) in Participants With Active, Moderate to Severe Crohn's Disease",AstraZeneca,TERMINATED,PHASE2,INTERVENTIONAL,2016-01-05,2018-01-29
NCT00497731,AZD1152 in Patients With Advanced Solid Malignancies-Study 1,AstraZeneca,TERMINATED,PHASE1,INTERVENTIONAL,2005-05,2009-04
NCT00945425,AZD7325 Japan Multiple Ascending Dose (MAD) Study,AstraZeneca,TERMINATED,PHASE1,INTERVENTIONAL,2009-07,2009-11
NCT04870112,A Study to Evaluate Subcutaneous Durvalumab in Patients With Non-Small Cell Lung Cancer and Small Cell Lung Cancer,AstraZeneca,TERMINATED,PHASE1,INTERVENTIONAL,2021-06-28,2023-08-30
NCT04543409,A Study of Benralizumab in Patients With Eosinophilic Esophagitis,AstraZeneca,TERMINATED,PHASE3,INTERVENTIONAL,2020-09-22,2023-02-06
NCT03532009,Potassium Reduction Initiative to Optimize RAAS Inhibition Therapy With Sodium Zirconium Cyclosilicate in Heart Failure,AstraZeneca,TERMINATED,PHASE2,INTERVENTIONAL,2018-06-26,2020-05-22
NCT01489722,"Safety, Tolerability, Pharmacokinetics and Efficacy of AZD1208 in Acute Myelogenous Leukemia (AML) Patients",AstraZeneca,TERMINATED,PHASE1,INTERVENTIONAL,2012-02,2014-05
NCT03961815,Open-label Extension Study of Brazikumab in Crohn's Disease,AstraZeneca,TERMINATED,PHASE3,INTERVENTIONAL,2020-01-06,2023-09-19
NCT00767247,Analysis of Antihypertensive Treatment Efficacy,AstraZeneca,TERMINATED,OBSERVATIONAL,OBSERVATIONAL,2008-05,2009-02
NCT04492722,A Study to Evaluate the Safety and Efficacy of AZD5718 in Participants With Proteinuric Chronic Kidney Disease,AstraZeneca,TERMINATED,PHASE2,INTERVENTIONAL,2020-10-01,2022-09-06
NCT00979394,Evaluation of Diabetes Care at Austrian GPs,AstraZeneca,TERMINATED,OBSERVATIONAL,OBSERVATIONAL,2009-10,2010-01
NCT06338839,Transthyretin Amyloidosis Cardiomyopathy in Patients With HFpEF in Russia,AstraZeneca,TERMINATED,OBSERVATIONAL,OBSERVATIONAL,2023-12-28,2024-06-25
NCT01027234,This Study Will Assess the Safety and Tolerability of AZD8418 After Single Increasing Oral Doses,AstraZeneca,TERMINATED,PHASE1,INTERVENTIONAL,2009-11,2010-03
NCT06130553,"A Study of AZD3470, a PRMT5 Inhibitor, Given as Monotherapy and in Combination in Patients With MTAP Deficient Advanced/Metastatic Solid Tumors",AstraZeneca,RECRUITING,PHASE1,INTERVENTIONAL,2024-01-18,2028-12-04
NCT05952557,An Adjuvant Endocrine-based Therapy Study of Camizestrant (AZD9833) in ER+/HER2- Early Breast Cancer (CAMBRIA-2),AstraZeneca,RECRUITING,PHASE3,INTERVENTIONAL,2023-10-05,2037-05-06
NCT06549595,A Study of Surovatamig (AZD0486) Plus Rituximab in Previously Untreated Follicular Lymphoma Patients,AstraZeneca,RECRUITING,PHASE3,INTERVENTIONAL,2024-08-07,2031-11-26
NCT07205666,The Eplontersen Pregnancy and Lactation Outcomes Study,AstraZeneca,RECRUITING,OBSERVATIONAL,OBSERVATIONAL,2025-11-30,2035-12-30
NCT07525375,A Phase II Study to Investigate Lung Function With 2 Different Doses of Inhaled Glycopyrronium Taken With BFF Compared to BFF in Participants of 4 to Less Than 12 Years of Age With Asthma,AstraZeneca,RECRUITING,PHASE2,INTERVENTIONAL,2026-04-14,2029-05-23
NCT06878261,A Study to Investigate the Efficacy and Safety of Tezepelumab in Adult Participants With Moderate to Very Severe COPD (D5241C00007),AstraZeneca,RECRUITING,PHASE3,INTERVENTIONAL,2025-03-25,2029-06-05
NCT07613424,A Study of MET Concordance and Gene Profiling in 1L NSCLC (Genomet),AstraZeneca,RECRUITING,NA,INTERVENTIONAL,2026-06-02,2027-03-31
NCT06103864,A Phase III Study of Dato-DXd With or Without Durvalumab Compared With Investigator's Choice of Chemotherapy in Combination With Pembrolizumab in Patients With PD-L1 Positive Locally Recurrent Inoperable or Metastatic Triple-negative Breast Cancer (TROPION-Breast05),AstraZeneca,RECRUITING,PHASE3,INTERVENTIONAL,2023-11-23,2030-09-30
NCT06897930,"A Study to Investigate the Safety, Tolerability, and Efficacy of AZD0120 in Adults With Refractory SLE",AstraZeneca,RECRUITING,PHASE1,INTERVENTIONAL,2025-04-21,2029-05-01
NCT07065344,"A Multicenter Observational Study to Understand the Clinical Characteristics, Treatment Patterns and Access to Novel Therapies of Patients With Diffuse Large B-Cell Lymphoma in the MEA Region",AstraZeneca,RECRUITING,OBSERVATIONAL,OBSERVATIONAL,2025-07-23,2027-01-31
NCT06417814,A Study to Investigate the Efficacy and Safety of Dato-DXd With or Without Osimertinib Compared With Platinum Based Doublet Chemotherapy in Participants With EGFR-Mutated Locally Advanced or Metastatic Non-Small Cell Lung Cancer,AstraZeneca,RECRUITING,PHASE3,INTERVENTIONAL,2024-10-04,2028-09-27
NCT06023589,A Study to Investigate the Efficacy and Safety of Tezepelumab Compared With Placebo in Children 5 to < 12 Years Old With Severe Asthma,AstraZeneca,RECRUITING,PHASE3,INTERVENTIONAL,2023-08-24,2030-08-23
NCT06868277,A Global Phase III Study of Rilvegostomig or Pembrolizumab Monotherapy for First-Line Treatment of PD-L1-high Metastatic Non-small Cell Lung Cancer,AstraZeneca,RECRUITING,PHASE3,INTERVENTIONAL,2025-04-10,2030-12-02
NCT07221331,"Prevalence, Clinical Characteristics, Progression, and Management of Neurofibromatosis Type 1 in Egypt (NF1-Egy)",AstraZeneca,RECRUITING,OBSERVATIONAL,OBSERVATIONAL,2025-11-19,2026-09-30
NCT07220954,A Study to Assess the Relative Bioavailability of Different Subcutaneous Formulations ofAZD6234,AstraZeneca,RECRUITING,PHASE1,INTERVENTIONAL,2025-11-11,2027-04-01
NCT07647328,"A Phase IIIb Study to Evaluate Camizestrant Plus Ribociclib in ER-positive, HER2-negative Advanced Breast Cancer",AstraZeneca,RECRUITING,PHASE3,INTERVENTIONAL,2026-06-15,2029-02-28
NCT07245576,Assess Accuracy of Primary Care Asthma and COPD Diagnosis Using Oscillometry and FeNO vs Specialist Diagnosis,AstraZeneca,RECRUITING,OBSERVATIONAL,OBSERVATIONAL,2025-12-26,2027-04-30
NCT07446855,Study of AZD4956 as Monotherapy and in Combination With Anti-Cancer Agents in Participants With Advanced/Metastatic Homologous Recombination Deficient Solid Tumours,AstraZeneca,RECRUITING,PHASE1,INTERVENTIONAL,2026-03-17,2030-03-29
NCT07161388,Durvalumab Consolidation After Chemoradiation Therapy for Limited Stage SCLC in China,AstraZeneca,RECRUITING,OBSERVATIONAL,OBSERVATIONAL,2025-11-17,2028-09-30
NCT07516184,Explore the Diagnostic Value of Bronchodilation Test With Portable Oscillometry in Asthma Diagnosis,AstraZeneca,RECRUITING,NA,INTERVENTIONAL,2026-06-10,2027-06-11
NCT05835310,An Efficacy and Safety Study of Intravenous Anifrolumab to Treat Systemic Lupus Erythematosus in Pediatric Participants,AstraZeneca,RECRUITING,PHASE3,INTERVENTIONAL,2024-03-14,2030-01-09
NCT07361276,Observational Study That Will Evaluate Treatment Patterns in the Management of Hypertension in the Public Primary Care System,AstraZeneca,RECRUITING,OBSERVATIONAL,OBSERVATIONAL,2026-03-31,2026-07-31
NCT06218914,"Phase 1 Study to Investigate TCRTs KRAS Mutation in Unresectable, Advanced, and/or Metastatic Solid Tumors",AstraZeneca,RECRUITING,PHASE1,INTERVENTIONAL,2024-03-22,2043-11-18
NCT07288515,Observ Prosp Study of Acalabrutinib in CLL Therapy in Real Clinical Practice in Belarus,AstraZeneca,RECRUITING,OBSERVATIONAL,OBSERVATIONAL,2025-12-31,2029-12-31
NCT06564038,A Study of AZD0486 Monotherapy or in Combination With Other Anti-Cancer Agents for Mature B-Cell Malignancies,AstraZeneca,RECRUITING,PHASE1,INTERVENTIONAL,2025-01-30,2029-06-11
NCT06594068,"Prospective Registry Investigating Maternal, Infant, and Lactation Outcomes in Anifrolumab Users",AstraZeneca,RECRUITING,PHASE4,INTERVENTIONAL,2026-01-16,2027-08-31
NCT06494540,NIS to Examine the Effectiveness of TDC in Patients With Metastatic Non-squamous NSCLC and High-risk Genetic Alterations,AstraZeneca,RECRUITING,OBSERVATIONAL,OBSERVATIONAL,2024-06-28,2028-06-30
NCT07109154,DeniLA: Comprehensive Demographics and Clinical Profile of NSCLC Patients: Analyzing Guideline-Concordant Care in First-line Treatment Patterns,AstraZeneca,RECRUITING,OBSERVATIONAL,OBSERVATIONAL,2025-11-25,2027-04-30
NCT06350097,"Phase III, Open-label Study of First-line Osimertinib With or Without Datopotamab Deruxtecan for EGFRm Locally Advanced or Metastatic Non-small Cell Lung Cancer",AstraZeneca,RECRUITING,PHASE3,INTERVENTIONAL,2024-04-29,2031-08-29
NCT07404202,"A Multicenter, Non-interventional, Descriptive Study to Assess Assay Concordance of HER2 IHC Testing in Chinese Pan-tumor Patients",AstraZeneca,RECRUITING,OBSERVATIONAL,OBSERVATIONAL,2026-03-06,2026-12-31
NCT06951867,Tezspire Cardiac Events PASS,AstraZeneca,RECRUITING,OBSERVATIONAL,OBSERVATIONAL,2025-09-15,2029-05-31
NCT06883305,A Study to Investigate the Efficacy and Safety of Tezepelumab in Adult Participants With Moderate to Very Severe COPD (D5241C00006),AstraZeneca,RECRUITING,PHASE3,INTERVENTIONAL,2025-03-18,2029-06-05
NCT05489211,Study of Dato-DXd as Monotherapy and in Combination With Anti-cancer Agents in Patients With Advanced Solid Tumours (TROPION-PanTumor03),AstraZeneca,RECRUITING,PHASE2,INTERVENTIONAL,2022-09-06,2027-10-01
NCT07205822,"A Study of Dato-DXd in Inoperable or Metastatic Hormone Receptor-positive, HER2 IHC 0 Breast Cancer",AstraZeneca,RECRUITING,PHASE3,INTERVENTIONAL,2025-10-30,2028-02-02
NCT07295847,A Study of AZD0120 in Autoimmune Diseases,AstraZeneca,RECRUITING,PHASE1,INTERVENTIONAL,2026-01-09,2028-02-22
NCT06742723,A Phase III Renal Outcomes and Cardiovascular Mortality Study to Investigate the Efficacy and Safety of Baxdrostat in Combination With Dapagliflozin in Participants With Chronic Kidney Disease and High Blood Pressure,AstraZeneca,RECRUITING,PHASE3,INTERVENTIONAL,2025-03-03,2029-12-18
NCT07224373,An Open-label Study of AZD0120 in Adults With Multiple Sclerosis,AstraZeneca,RECRUITING,PHASE1,INTERVENTIONAL,2025-12-09,2028-12-07
NCT06031805,PRostate Olaparib Real World Evidence Study,AstraZeneca,RECRUITING,OBSERVATIONAL,OBSERVATIONAL,2023-10-11,2028-10-13
NCT06627647,A Global Phase III Study of Rilvegostomig or Pembrolizumab Plus Chemotherapy for First-Line Treatment of Locally Advanced or Metastatic Non-Squamous NSCLC,AstraZeneca,RECRUITING,PHASE3,INTERVENTIONAL,2024-11-27,2030-11-18
NCT07370194,Observational Study on the Prevalence and Risk Factors of Patients With Hyperkalaemia in Brazil,AstraZeneca,RECRUITING,OBSERVATIONAL,OBSERVATIONAL,2026-03-31,2026-09-30
NCT01348724,"Absorption, Distribution, Metabolism and Excretion (ADME) Study With Single Oral Administration of [14C] NKTR-118",AstraZeneca,COMPLETED,PHASE1,INTERVENTIONAL,2011-06,2011-09
NCT00727883,Retrospective Observational Trial on Reasons for Withdraw of Adjuvant Tamoxifen in Breast Cancer Patients,AstraZeneca,COMPLETED,OBSERVATIONAL,OBSERVATIONAL,2007-07,2008-05
NCT01753427,Perception of Symptom Variability in COPD,AstraZeneca,COMPLETED,OBSERVATIONAL,OBSERVATIONAL,2012-12,2013-11
NCT07518459,"A Study of Absorption, Distribution, Metabolism and Excretion (ADME) of [14C]AZD4144",AstraZeneca,COMPLETED,PHASE1,INTERVENTIONAL,2026-02-11,2026-05-26
NCT01044459,"Long-term Safety, Tolerability and Efficacy of Aclidinium Bromide in Patients With Moderate to Severe Chronic Obstructive Pulmonary Disease (COPD) (LAS-MD-35)",AstraZeneca,COMPLETED,PHASE3,INTERVENTIONAL,2009-11,2011-04
NCT01768403,Centralised Pan-Algerian Survey on the Undertreatment of Hypercholesterolemia,AstraZeneca,COMPLETED,OBSERVATIONAL,OBSERVATIONAL,2010-09,2011-03
NCT01646320,Safety and Efficacy of Dapagliflozin in Triple Therapy to Treat Subjects With Type 2 Diabetes,AstraZeneca,COMPLETED,PHASE3,INTERVENTIONAL,2012-09,2015-02
NCT06742762,"A Phase I Study to Investigate the Effect of Renal Impairment on the Pharmacokinetics, Safety, and Tolerability of AZD5004",AstraZeneca,COMPLETED,PHASE1,INTERVENTIONAL,2024-12-17,2025-04-20
NCT00771979,Relative Bioavailability of Phase II and Phase III Formulations of AZD0530,AstraZeneca,COMPLETED,PHASE1,INTERVENTIONAL,2008-11,2009-03
NCT00363896,A Trial Assessing LAS34273 in Moderate to Severe Stable Chronic Obstructive Pulmonary Disease (COPD),AstraZeneca,COMPLETED,PHASE3,INTERVENTIONAL,2006-07,2008-05
NCT00108823,The HERO-study: Effects of Roflumilast in Patients With COPD (Chronic Obstructive Pulmonary Disease) (BY217/M2-121),AstraZeneca,COMPLETED,PHASE3,INTERVENTIONAL,2004-10,
NCT05169619,Prevalence and Characterisation of Asthma Patients According to Disease Severity in Portugal,AstraZeneca,COMPLETED,OBSERVATIONAL,OBSERVATIONAL,2021-04-30,2024-03-06
NCT05933044,RELEVANCE - RWE Study in Unresectable Non-Small Cell Lung Cancer (Stage III) in Canada,AstraZeneca,COMPLETED,OBSERVATIONAL,OBSERVATIONAL,2021-11-19,2022-08-31
NCT00935467,Pharmacokinetics and Pharmacodynamics Study of Saxagliptin in Healthy Subjects,AstraZeneca,COMPLETED,PHASE1,INTERVENTIONAL,2009-07,2009-08
NCT00410592,"Evaluation of 24-Hour Intragastric pH Using Esomeprazole, Lansoprazole, and Pantoprazole in Hispanic Patients With GERD",AstraZeneca,COMPLETED,PHASE4,INTERVENTIONAL,2006-10,2007-05
NCT00358436,Efficacy and Safety of LAS 34273 in Patients With Moderate to Severe Stable Chronic Obstructive Pulmonary Disease(COPD),AstraZeneca,COMPLETED,PHASE3,INTERVENTIONAL,2006-08,2008-06
NCT01864005,A Phase IV Study of the Onset and Maintenance of the Antiplatelet Effect of Ticagrelor Compared With Clopidogrel in Chinese Patients With ACS,AstraZeneca,COMPLETED,PHASE4,INTERVENTIONAL,2013-05,2014-03
NCT01895946,"Comparison of Two Formulations of AZD5363 and the Effect of Food on Pharmacokinetic Exposure, Safety and Tolerability",AstraZeneca,COMPLETED,PHASE1,INTERVENTIONAL,2013-12,2015-07
NCT00372788,"AZD6244 Versus Pemetrexed (Alimta®) in Patients With Non-small Cell Lung Cancer, Who Have Failed One or Two Prior Chemotherapy Regimen",AstraZeneca,COMPLETED,PHASE2,INTERVENTIONAL,2006-08,2008-12
NCT01455194,Effect of High Dose Ciclesonide on Asthma Control,AstraZeneca,COMPLETED,PHASE3,INTERVENTIONAL,2011-11,2014-08
NCT00628667,Chronic Posterior Laryngitis With Suspected Laryngopharyngeal Reflux,AstraZeneca,COMPLETED,PHASE4,INTERVENTIONAL,2002-02,2003-03
NCT00259051,A Study to Investigate the Pharmacodynamic Effect After Four-week Omeprazole Treatment of Non-erosive Reflux Disease in a Japanese Population,AstraZeneca,COMPLETED,PHASE3,INTERVENTIONAL,2004-01,2004-08
NCT01275794,Screening Epidemiological Program on Compensation Evaluation of Diabetes Mellitus Type 2 (DMT2) Patients on Oral Anti-diabetic (OAD) Monotherapy and Physicians Satisfaction of Their Usage,AstraZeneca,COMPLETED,OBSERVATIONAL,OBSERVATIONAL,2010-12,2011-03
NCT00692705,"Positron Emission Tomography (PET) Study With [11C]AZD2995 and [11C]AZD2184, Candidate PET Ligands for β Amyloid",AstraZeneca,COMPLETED,PHASE1,INTERVENTIONAL,2008-01,2008-12
NCT06138795,"A Single and Multiple Ascending Dose Study to Investigate Safety, Tolerability, Pharmacokinetics, and Pharmacodynamics of AZD2389 in Healthy Participants",AstraZeneca,COMPLETED,PHASE1,INTERVENTIONAL,2023-11-20,2025-08-24
NCT00651651,Efficacy of Symbicort Versus Its Monocomponents - SPRUCE 80/4.5,AstraZeneca,COMPLETED,PHASE3,INTERVENTIONAL,2002-08,2003-09
NCT00659841,"To Assess the Safety and Efficacy of Ciclesonide, Applied as a Nasal Spray in the Treatment of Seasonal Allergic Rhinitis (BY9010/M1-401)",AstraZeneca,COMPLETED,PHASE3,INTERVENTIONAL,2003-12,2005-02
NCT05419401,"A Study to Investigate the Absolute Bioavailability, Absorption, Metabolism, Distribution and Excretion of [14C]AZD5363 (Capivasertib)",AstraZeneca,COMPLETED,PHASE1,INTERVENTIONAL,2022-04-11,2022-07-12
NCT00343161,Symptom Adapted Therapy in GERD Patients,AstraZeneca,COMPLETED,PHASE4,INTERVENTIONAL,2006-08,2007-08
NCT00999466,The Tolerability and Effects of AZD8848 in Allergic Asthma Subjects Challenged With Inhaled Allergen,AstraZeneca,COMPLETED,PHASE2,INTERVENTIONAL,2009-10,2011-12
NCT03199053,Study to Evaluate Safety and Efficacy of Dapagliflozin and Saxagliptin in Patients With Type 2 Diabetes Mellitus (T2DM) Aged 10 to Below 18 Years Old,AstraZeneca,COMPLETED,PHASE3,INTERVENTIONAL,2017-10-11,2024-01-03
NCT05180396,A Study on Disease Awareness and Treatment Compliance of Heart Failure Patients,AstraZeneca Turkey,COMPLETED,OBSERVATIONAL,OBSERVATIONAL,2021-03-12,2021-09-10
NCT00034905,A Comparison of Seroquel vs. Risperidone in Schizophrenia,AstraZeneca,COMPLETED,PHASE4,INTERVENTIONAL,2001-07,2002-09
NCT02300831,LUMINIST: LUng Cancer Molecular Insights Non Interventional Study,AstraZeneca,COMPLETED,OBSERVATIONAL,OBSERVATIONAL,2014-12-01,2016-06-30
NCT02224053,Drug-Drug Interaction Study With AZD9291 and Omeprazole in Healthy Volunteers,AstraZeneca,COMPLETED,PHASE1,INTERVENTIONAL,2014-09,2015-01
NCT00641680,Rhinocort Aqua Versus Placebo and Fluticasone Propionate,AstraZeneca,COMPLETED,PHASE3,INTERVENTIONAL,2003-04,2003-07
NCT00544986,"A Prospective,Open-label Study of Anastrozole in Post-menopausal Women With Hormone Sensitive Advanced Breast Cancer",AstraZeneca,COMPLETED,PHASE4,INTERVENTIONAL,2005-06,2007-11
NCT00573469,Efficacy and Safety Study of D9421-C 9 mg and 15 mg Versus Placebo in Japanese Patients With Active Crohn's Disease,AstraZeneca,COMPLETED,PHASE2,INTERVENTIONAL,2006-10,2008-03
NCT00642161,New Version Pulmicort Turbuhaler USA Children,AstraZeneca,COMPLETED,PHASE3,INTERVENTIONAL,2002-11,2004-09
NCT00684502,"Study to Assess the Safety, Tolerability and Pharmacokinetics of AZD2066 in Young and Elderly Healthy Subjects",AstraZeneca,COMPLETED,PHASE1,INTERVENTIONAL,2008-01,2008-11
NCT00291759,ABCSG 8 - Adjuvant Treatment in Patients With Hormone Receptor-positive Breast Cancer With Good to Moderate Differentiation.,AstraZeneca,COMPLETED,PHASE3,INTERVENTIONAL,1996-01,2009-06
NCT06989983,"A Study Designed to Assess the Mass Balance Recovery, Absorption, Metabolism, Excretion of [14C]AZD5462 and the Absolute Bioavailability of AZD5462",AstraZeneca,COMPLETED,PHASE1,INTERVENTIONAL,2025-05-20,2025-06-25
NCT06077045,"Uptake of the Childhood Live Attenuated Influenza Vaccine (LAIV) and Influenza-related Healthcare Resource Use in England During the 2012 to 2022 Flu Seasons; a Retrospective, Observational Study in the CPRD and HES Databases",AstraZeneca,COMPLETED,OBSERVATIONAL,OBSERVATIONAL,2023-01-18,2023-07-04
NCT00434967,Antihypertensive Efficacy and Safety of Candesartan/HCT 32/25 mg in Comparison With Individual Components and Placebo,AstraZeneca,COMPLETED,PHASE3,INTERVENTIONAL,2007-01,2008-01
NCT00681967,Postoperative Radiotherapy Plus Iressa or Radiotherapy Plus Cisplatin and Iressa for Advanced Head & Neck Cancer,AstraZeneca,COMPLETED,PHASE1,INTERVENTIONAL,2004-02,2009-10
NCT03778957,A Global Study to Evaluate Transarterial Chemoembolization (TACE) in Combination With Durvalumab and Bevacizumab Therapy in Patients With Locoregional Hepatocellular Carcinoma,AstraZeneca,ACTIVE_NOT_RECRUITING,PHASE3,INTERVENTIONAL,2018-11-30,2026-08-31
NCT02143466,AZD9291 in Combination With Ascending Doses of Novel Therapeutics,AstraZeneca,ACTIVE_NOT_RECRUITING,PHASE1,INTERVENTIONAL,2014-08-05,2026-12-31
NCT05348577,Study of Capivasertib + Docetaxel vs Placebo + Docetaxel as Treatment for Metastatic Castration Resistant Prostate Cancer (mCRPC),AstraZeneca,ACTIVE_NOT_RECRUITING,PHASE3,INTERVENTIONAL,2022-03-25,2026-03-04
NCT04556773,A Phase 1b Study of T-DXd Combinations in HER2-low Advanced or Metastatic Breast Cancer,AstraZeneca,ACTIVE_NOT_RECRUITING,PHASE1,INTERVENTIONAL,2020-12-17,2026-06-16
NCT00750841,Study of the Effect of Rifampicin on the Pharmacokinetics (PK) of Multiple Doses of Cediranib in Patients With Solid Tumours,AstraZeneca,ACTIVE_NOT_RECRUITING,PHASE1,INTERVENTIONAL,2008-09-09,2026-12-31
NCT07221981,Study of Patient With Frequent COPD Exacerbations,AstraZeneca,ACTIVE_NOT_RECRUITING,OBSERVATIONAL,OBSERVATIONAL,2024-12-16,2026-06-30
NCT05457257,Clinical Study to Assess the Efficacy and Safety of Olaparib in Chinese Patients With Metastatic Castration-Resistant Prostate Cancer Who Have Failed Prior Treatment With a New Hormonal Agent and Have BRCA1/2 Mutations,AstraZeneca,ACTIVE_NOT_RECRUITING,PHASE4,INTERVENTIONAL,2022-07-29,2026-12-31
NCT04606771,A Study Comparing Savolitinib Plus Osimertinib vs Savolitinib Plus Placebo in Patients With EGFRm+ and MET Amplified Advanced NSCLC,AstraZeneca,ACTIVE_NOT_RECRUITING,PHASE2,INTERVENTIONAL,2020-09-28,2026-03-30
NCT06724575,EVOLVE Study: The Real-life Clinical Practice With Tezepelumab in Greece,AstraZeneca,ACTIVE_NOT_RECRUITING,OBSERVATIONAL,OBSERVATIONAL,2024-12-17,2028-06-30
NCT06170671,REAl-world Outcomes in CHronic Lymphocytic Leukemia Patients Receiving Acalabrutinib in Romania,AstraZeneca,ACTIVE_NOT_RECRUITING,OBSERVATIONAL,OBSERVATIONAL,2023-12-13,2028-09-30
NCT05246514,A Single Arm Phase 2 Study to Evaluate Efficacy and Safety of Trastuzumab Deruxtecan for Patients With HER2 Mutant NSCLC,AstraZeneca,ACTIVE_NOT_RECRUITING,PHASE2,INTERVENTIONAL,2022-07-13,2026-06-30
NCT03682068,"Study of Durvalumab Given With Chemotherapy, Durvalumab in Combination With Tremelimumab Given With Chemotherapy, or Chemotherapy in Patients With Unresectable Urothelial Cancer",AstraZeneca,ACTIVE_NOT_RECRUITING,PHASE3,INTERVENTIONAL,2018-09-27,2027-06-01
NCT04550260,Study of Durvalumab Versus Placebo in Combination With Definitive Chemoradiation Therapy in Patient With ESCC,AstraZeneca,ACTIVE_NOT_RECRUITING,PHASE3,INTERVENTIONAL,2020-10-19,2027-06-30
NCT05943106,"BCG in Combination With Durvalumab in Adult BCG-naïve, High-risk NMIBC Participants",AstraZeneca,ACTIVE_NOT_RECRUITING,PHASE3,INTERVENTIONAL,2023-08-11,2027-03-31
NCT05138133,Phase 3 Study of Anifrolumab in Adult Patients With Active Proliferative Lupus Nephritis,AstraZeneca,ACTIVE_NOT_RECRUITING,PHASE3,INTERVENTIONAL,2022-02-15,2028-12-05
NCT06450197,Phase IIa Study Evaluating AZD7798 in Crohn's Disease,AstraZeneca,ACTIVE_NOT_RECRUITING,PHASE2,INTERVENTIONAL,2024-08-28,2027-05-14
NCT00463814,AZD6244 (ARRY-142886) Solid Oral Dosage Formulation in Participants With Advanced Solid Malignancies,AstraZeneca,ACTIVE_NOT_RECRUITING,PHASE1,INTERVENTIONAL,2007-03-08,2027-03-26
NCT06605885,"An Observational, Prospective, Multicenter Study to Evaluate the Biologic Use and Outcomes in Chinese Asthma Patients",AstraZeneca,ACTIVE_NOT_RECRUITING,OBSERVATIONAL,OBSERVATIONAL,2024-11-14,2026-09-30
NCT04590235,A Study of Selumetinib in Chinese Paediatric and Adult Subjects With Neurofibromatosis Type 1 (NF1) and Inoperable Plexiform Neurofibromas (PN),AstraZeneca,ACTIVE_NOT_RECRUITING,PHASE1,INTERVENTIONAL,2020-12-16,2026-08-31
NCT04590963,Assessment of Efficacy and Safety of Monalizumab Plus Cetuximab Compared to Placebo Plus Cetuximab in Recurrent or Metastatic Head and Neck Cancer,AstraZeneca,ACTIVE_NOT_RECRUITING,PHASE3,INTERVENTIONAL,2020-10-02,2026-09-24
NCT04351555,A Study of Osimertinib With or Without Chemotherapy Versus Chemotherapy Alone as Neoadjuvant Therapy for Patients With EGFRm Positive Resectable Non-Small Cell Lung Cancer,AstraZeneca,ACTIVE_NOT_RECRUITING,PHASE3,INTERVENTIONAL,2020-12-16,2029-06-13
NCT07143604,A Study to Investigate the Effects of AZD0901 Monotherapy in Adult Participants With 2L+ Advanced or Metastatic Gastric or GEJ Adenocarcinoma Expressing CLDN18.2,AstraZeneca,ACTIVE_NOT_RECRUITING,PHASE2,INTERVENTIONAL,2025-08-29,2027-09-28
NCT06271837,A Study of T-DXd as Monotherapy or in Combination With Anti-cancer Agents in Patients With Selected HER2-expressing Tumors,AstraZeneca,ACTIVE_NOT_RECRUITING,PHASE2,INTERVENTIONAL,2024-02-22,2027-02-10
NCT00099437,Comparison of Fulvestrant (FASLODEX™) 250 mg and 500 mg in Postmenopausal Women With Oestrogen Receptor Positive Advanced Breast Cancer Progressing or Relapsing After Previous Endocrine Therapy.,AstraZeneca,ACTIVE_NOT_RECRUITING,PHASE3,INTERVENTIONAL,2005-02-13,2026-12-31
NCT04999969,"Safety, Pharmacokinetics and Clinical Activity of AZD0171 in Combination With Durvalumab and Chemotherapy in Locally Advanced or Metastatic Solid Tumours",AstraZeneca,ACTIVE_NOT_RECRUITING,PHASE2,INTERVENTIONAL,2021-12-10,2026-06-30
NCT06704724,A Study to Learn About the Study Medicine PF-07985045 When Given Alone or With Other Anti-cancer Therapies in People With Advanced Solid Tumors That Have a Change in a Gene.,Pfizer,TERMINATED,PHASE1,INTERVENTIONAL,2024-12-10,2026-05-12
NCT00137046,Efficacy and Safety of Inhaled Insulin Compared With Subcutaneous Human Insulin Therapy in Adults With Type 1 Diabetes,Pfizer,TERMINATED,PHASE3,INTERVENTIONAL,2002-05,2008-12
NCT00977561,"A Study Of Cisplatin (Or Carboplatin) And Etoposide With Or Without Figitumumab (CP-751,871) In Patients With Extensive-Stage Small Cell Lung Cancer",Pfizer,TERMINATED,PHASE2,INTERVENTIONAL,2010-04,2011-10
NCT04832139,A Study of Marstacimab to Compare Prefilled Pen (PFP) Device to Prefilled Syringe (PFS) Device,Pfizer,TERMINATED,PHASE1,INTERVENTIONAL,2021-03-30,2021-11-22
NCT01098240,"A Study Of The Efficacy And Safety Of CP-601,927 Augmentation Of Antidepressant Therapy In Major Depression",Pfizer,TERMINATED,PHASE2,INTERVENTIONAL,2010-06-14,2011-09-12
NCT00796666,Study Looking at Combination Therapy (Sitaxsentan+Sildenafil) Vs. Monotherapy (Sitaxsentan Alone) SR-PAAS -Sitaxsentan Efficacy And Safety Trial With A Randomized Prospective Assessment Of Adding Sildenafil,Pfizer,TERMINATED,PHASE3,INTERVENTIONAL,2009-05,2011-03
NCT01911273,A Study To Evaluate The Efficacy And Safety of The Investigational Drug PF-03446962 (A Monoclonal Antibody With Antiangiogenic Features) In Combination With Best Supportive Care Versus Placebo Plus Best Supportive Care In Patients Affected By Recurrent Liver Cancer,Pfizer,TERMINATED,PHASE2,INTERVENTIONAL,2013-10,2014-07
NCT00311311,Study Comparing Effect On Carotid Atherosclerosis Following Conversion From Tacrolimus To Sirolimus Post-Transplant In Kidney Transplant Patients,Pfizer,TERMINATED,PHASE3,INTERVENTIONAL,2006-04,2012-01
NCT04173273,A Study Evaluating the Efficacy and Safety of Oral Etrasimod in the Treatment of Adult Participants With Moderately to Severely Active Crohn's Disease,Pfizer,TERMINATED,PHASE2,INTERVENTIONAL,2020-01-06,2025-06-09
NCT02850406,Study to Evaluate the Effect of GBT440 in Pediatrics With Sickle Cell Disease,Pfizer,TERMINATED,PHASE2,INTERVENTIONAL,2016-07-05,2023-10-02
NCT05579977,Trial to Learn About the Study Medicine (PF-07081532) and Rybelsus in People With Type 2 Diabetes and Separately PF-07081532 in People With Obesity,Pfizer,TERMINATED,PHASE2,INTERVENTIONAL,2022-10-27,2023-09-22
NCT04458259,Study of PF-07265807 in Participants With Metastatic Solid Tumors.,Pfizer,TERMINATED,PHASE1,INTERVENTIONAL,2020-09-24,2024-11-15
NCT00313768,Randomized Ph 2 Trial Of Paclitaxel/Carboplatin /Bevacizumab + PF-3512676 And P/C/B Alone In Advanced Nonsquamous NSCLC,Pfizer,TERMINATED,PHASE2,INTERVENTIONAL,2005-12,2008-05
NCT03550313,Study to Evaluate the Safety and Immunogenicity of a Multivalent Pneumococcal Vaccine Given With Prevnar 13 in Healthy Infants,Pfizer,TERMINATED,PHASE2,INTERVENTIONAL,2018-06-01,2020-11-05
NCT01262690,A Study In Healthy Subjects Of Single Doses of PF-05230901 Injected Under The Skin,Pfizer,TERMINATED,PHASE1,INTERVENTIONAL,2010-11,2011-09
NCT00570063,"Double Blind, Randomized, 3 Week Inpatient Study To Evaluate The Safety & Efficacy Of PF-02545920 Compared With Placebo",Pfizer,TERMINATED,PHASE2,INTERVENTIONAL,2007-11,2008-02-18
NCT01092832,"A Study Of The Safety, Tolerability And Effective Of Voriconazole For The Treatment Of Serious Candida Infection And Candida Infection Of The Throat In Pediatric Patients",Pfizer,TERMINATED,PHASE3,INTERVENTIONAL,2010-10,2013-06
NCT05878704,Study of GBT021601 in Participants With Renal Impairment,Pfizer,TERMINATED,PHASE1,INTERVENTIONAL,2023-06-29,2024-07-29
NCT03439514,A Study of ARRY-371797 (PF-07265803) in Patients With Symptomatic Dilated Cardiomyopathy Due to a Lamin A/C Gene Mutation,Pfizer,TERMINATED,PHASE3,INTERVENTIONAL,2018-04-17,2022-10-13
NCT06120504,A Safety Study of PF-08046045/SGN-35T in Adults With Advanced Cancers,"Seagen, a wholly owned subsidiary of Pfizer",TERMINATED,PHASE1,INTERVENTIONAL,2024-02-29,2025-12-10
NCT00417885,A Clinical Trial Assessing Efficacy and Safety of Sunitinib and Exemestane in Patients With ER [Estrogen Receptor] + and/or PgR [Progesterone Receptor] + Breast Cancer,Pfizer,TERMINATED,PHASE1,INTERVENTIONAL,2007-06,2009-07
NCT00620568,Study Evaluating Multiple Ascending Dose in Schizophrenia Patients,Wyeth is now a wholly owned subsidiary of Pfizer,TERMINATED,PHASE1,INTERVENTIONAL,2008-02,2008-03
NCT03185481,Safety and Tolerability of PF-06649751 in Parkinson's Disease Patients With Motor Fluctuations,Pfizer,TERMINATED,PHASE2,INTERVENTIONAL,2017-07-06,2017-10-25
NCT01176058,A Study Of The Efficacy And Safety Of Anidulafungin Vs. Fluconazole In The Treatment Of Patients With Candidemia And/Or Other Forms Of Invasive Candidiasis,Pfizer,TERMINATED,PHASE3,INTERVENTIONAL,2010-12,2011-11
NCT03248141,Understanding Hemophilia A and B Drug Dosage Administration Patterns,Pfizer,TERMINATED,OBSERVATIONAL,OBSERVATIONAL,2017-09-01,2018-03-14
NCT00658008,A 10-week Study Evaluating the Efficacy and Safety of PD 0332334 in Patients With Generalized Anxiety Disorder (1),Pfizer,TERMINATED,PHASE3,INTERVENTIONAL,2008-04,2009-03
NCT01603394,Pilot Study Of Pregabalin And Prediction Of Treatment Response In Patients With Postherpetic Neuralgia,Pfizer,TERMINATED,PHASE4,INTERVENTIONAL,2012-10,2013-06
NCT05534789,Treatment Patterns and Clinical Outcomes Among Patients With Advanced Renal Cell Carcinoma (aRCC) Receiving Systemic First-line (1st Line) Anti-cancer Treatment Under Daily Routine in Germany: Retrospective Medical Chart Review (RENALISTIC Study).,Pfizer,TERMINATED,OBSERVATIONAL,OBSERVATIONAL,2022-10-15,2023-12-13
NCT00108433,Linezolid in the Treatment of Hemodialysis Patients With Catheter-Related Gram-Positive Bloodstream Infections,Pfizer,TERMINATED,PHASE3,INTERVENTIONAL,2005-09,2006-09
NCT02053116,A 6-Week Study To Determine The Safety And Effect Of An Investigational Drug Given With Canagliflozin In Adults With Type 2 Diabetes Mellitus Taking Metformin,Pfizer,TERMINATED,PHASE2,INTERVENTIONAL,2014-03,2014-04
NCT05487040,A Study to Measure the Amount of Study Medicine in Blood in Adult Participants With COVID-19 and Severe Kidney Disease,Pfizer,TERMINATED,PHASE1,INTERVENTIONAL,2022-09-07,2023-07-11
NCT03565991,Javelin BRCA/ATM: Avelumab Plus Talazoparib in Patients With BRCA or ATM Mutant Solid Tumors,Pfizer,TERMINATED,PHASE2,INTERVENTIONAL,2018-06-18,2023-02-03
NCT00273858,"Study Evaluating the Safety of Etanercept in Rheumatoid Arthritis, Ankylosing Spondylitis and Psoriatic Arthritis",Wyeth is now a wholly owned subsidiary of Pfizer,TERMINATED,OBSERVATIONAL,OBSERVATIONAL,2006-03,2010-07
NCT01045863,"To Evaluate Safety, Tolerability, Plasma Drug Levels And Other Biological Effects In Healthy Volunteers",Pfizer,TERMINATED,PHASE1,INTERVENTIONAL,2010-02,2010-06
NCT00321308,Trial of Pemetrexed With or Without PF-3512676 in Advanced Non-Small Cell Lung Cancer,Pfizer,TERMINATED,PHASE2,INTERVENTIONAL,2006-09,2008-01
NCT00637338,Multiple Dose Escalation Trial Of PF-04603629 Given To Subjects With Type 2 Diabetes Mellitus,Pfizer,TERMINATED,PHASE1,INTERVENTIONAL,2008-04,2008-09
NCT02680847,Safety and Pharmacokinetic Study of ALO-02 in Children Ages 7-17 With Pain,Pfizer,TERMINATED,PHASE4,INTERVENTIONAL,2016-01-21,2018-01-24
NCT00735943,Macugen Observational Study,Pfizer,TERMINATED,OBSERVATIONAL,OBSERVATIONAL,2008-11,2010-08
NCT00699374,Study Of Sunitinib Malate Versus Sorafenib In Patients With Inoperable Liver Cancer,Pfizer,TERMINATED,PHASE3,INTERVENTIONAL,2008-07,2011-12
NCT06580938,A Study to Learn About PF-07921585 Alone or With Other Anti-cancer Medicines in People With Cancer,Pfizer,TERMINATED,PHASE1,INTERVENTIONAL,2024-11-11,2025-07-14
NCT00396448,"Effect of 2-year Administration of CP-945,598 on Weight Loss Efficacy and Safety.",Pfizer,TERMINATED,PHASE3,INTERVENTIONAL,2007-02,2009-02
NCT00676650,Sunitinib Plus Prednisone In Patients With Metastatic Castration-Resistant Prostate Cancer After Failure Of Docetaxel Chemotherapy,Pfizer,TERMINATED,PHASE3,INTERVENTIONAL,2008-07,2011-12
NCT02306876,"A Study To Examine Safety, Pharmacokinetics, And Pharmacodynamic Of Pf 06412562 In Healthy Males",Pfizer,TERMINATED,PHASE1,INTERVENTIONAL,2015-01-19,2016-06-14
NCT04638153,"A Study Of Safety, Tolerability And Effectiveness Of Recifercept In Children With Achondroplasia",Pfizer,TERMINATED,PHASE2,INTERVENTIONAL,2020-12-02,2023-03-27
NCT00655122,"Prophylaxis In Venous Thromboembolism In Primary Care, A Pilot Study",Pfizer,TERMINATED,PHASE4,INTERVENTIONAL,2003-04,2003-12
NCT05895786,A Study to Understand How the Study Medicine (PF-06823859) Works in People With Active Idiopathic Inflammatory Myopathies [Dermatomyositis (DM) and Polymyositis (PM)],Pfizer,RECRUITING,PHASE3,INTERVENTIONAL,2023-05-20,2027-07-28
NCT07594769,A Study to Compare the Blood Levels of Two Dosage Formulations of the Study Medicine in Healthy Adults,Pfizer,RECRUITING,PHASE1,INTERVENTIONAL,2026-05-08,2026-08-31
NCT06995729,A Study to Learn About the Study Medicine Called Zavegepant (PF-07930207) in Children With a History of Migraine,Pfizer,RECRUITING,PHASE1,INTERVENTIONAL,2025-05-16,2027-08-12
NCT07459686,An Observational Study to Learn About Velsipity After Long Term Use in Patients With Ulcerative Colitis,Pfizer,RECRUITING,OBSERVATIONAL,OBSERVATIONAL,2026-04-27,2029-01-29
NCT03460977,"A Study of Mevrometostat for Treatment of Relapsed/Refractory SCLC, Castration Resistant Prostate Cancer, and Follicular Lymphoma",Pfizer,RECRUITING,PHASE1,INTERVENTIONAL,2018-04-17,2029-07-07
NCT07543380,A Study to Learn Safety and Immune Response to Study Vaccine -RSVpreF in Adults at High Risk of Severe RSV Disease.,Pfizer,RECRUITING,PHASE3,INTERVENTIONAL,2026-05-11,2026-08-31
NCT07315360,A Study to Learn How the Body Processes the Study Medicine PF-07328948 in People With Reduced Kidney Function,Pfizer,RECRUITING,PHASE1,INTERVENTIONAL,2026-01-28,2027-03-13
NCT05203172,The FLOTILLA Study: Providing Continued Access to The Study Medicines Encorafenib and Binimetinib for Participants in Prior Clinical Trials,Pfizer,RECRUITING,PHASE4,INTERVENTIONAL,2022-07-05,2029-07-31
NCT05287126,A Study to Evaluate Etrasimod Treatment in Adolescents With Ulcerative Colitis,Pfizer,RECRUITING,PHASE2,INTERVENTIONAL,2022-12-16,2033-07-10
NCT06215118,A Study to Learn About the Effects of the Combination of Elranatamab (PF-06863135) and Iberdomide in Patients With Relapsed or Refractory Multiple Myeloma (MagnetisMM-30),Pfizer,RECRUITING,PHASE1,INTERVENTIONAL,2024-02-20,2028-03-09
NCT07231991,A Study to Learn How the Body Processes the Study Medicine Called Vepdegestrant in People With Loss of Liver Function,Pfizer,RECRUITING,PHASE1,INTERVENTIONAL,2025-11-18,2026-12-23
NCT07235150,A Study to Learn How Different Amounts of the Study Medicine Called PF-07985631 Are Tolerated and Act in the Body in Healthy Adults,Pfizer,RECRUITING,PHASE1,INTERVENTIONAL,2025-12-11,2027-08-24
NCT05452941,A Study to Learn About How 20-Valent Pneumococcal Conjugate Vaccine Works in a Real-world Setting,Pfizer,RECRUITING,OBSERVATIONAL,OBSERVATIONAL,2022-10-27,2027-06-04
NCT06760208,A Study to Learn More About Prevenar 20 Once it is Out in the Korean Market,Pfizer,RECRUITING,OBSERVATIONAL,OBSERVATIONAL,2025-11-13,2027-03-01
NCT07431853,A Study to Learn About mRNA Vaccines Against Influenza in Adults,Pfizer,RECRUITING,PHASE2,INTERVENTIONAL,2026-02-23,2027-06-22
NCT06629779,A Study to Learn How PF-06821497 (Mevrometostat) Works in Men With Metastatic Castration-resistant Prostate Cancer.,Pfizer,RECRUITING,PHASE3,INTERVENTIONAL,2024-10-22,2028-11-30
NCT05355701,A Study to Learn About the Study Medicine Called PF-07799933 in People With Advanced Solid Tumors With BRAF Alterations.,Pfizer,RECRUITING,PHASE1,INTERVENTIONAL,2022-07-05,2029-10-25
NCT06398626,An Observational Study of Etrasimod in Adult Patients With Moderate to Severe Ulcerative Colitis,Pfizer,RECRUITING,OBSERVATIONAL,OBSERVATIONAL,2024-09-17,2028-07-07
NCT07519655,Phase 1 Study of PF-08046033 in Advanced Solid Tumors,Pfizer,RECRUITING,PHASE1,INTERVENTIONAL,2026-04-08,2029-07-14
NCT07363694,A Study to Learn About the Study Medicine Called PF-07275315 in People With Moderate to Severe Chronic Obstructive Pulmonary Disease,Pfizer,RECRUITING,PHASE2,INTERVENTIONAL,2026-02-11,2031-01-16
NCT05623020,"A Study to Learn About the Effects of the Combination of Elranatamab, Daratumumab and Lenalidomide Compared With Daratumumab, Bortezomib, Lenalidomide, and Dexamethasone in Patients With Newly Diagnosed Multiple Myeloma Who Are Not Candidates for Transplant",Pfizer,RECRUITING,PHASE3,INTERVENTIONAL,2022-11-10,2033-10-03
NCT07073820,A Study to Learn About the Study Medicine (Called PF-07868489) in People With Pulmonary Arterial Hypertension Who Have Previously Participated in a Clinical Study With PF-07868489,Pfizer,RECRUITING,PHASE2,INTERVENTIONAL,2025-11-10,2028-07-18
NCT05070845,Safety and Efficacy Study of PF-06835375 in Primary Immune Thrombocytopenia,Pfizer,RECRUITING,PHASE2,INTERVENTIONAL,2022-02-02,2028-08-02
NCT05890612,"A Study on Paxlovid Once in the Market, to Observe Its Safety and Effectiveness in Patients Who Have a High Chance of Getting Severe COVID-19",Pfizer,RECRUITING,OBSERVATIONAL,OBSERVATIONAL,2023-11-29,2029-07-13
NCT07508228,A Study to Understand How a Study Medicine Called PF-07328948 is Absorbed and Processed in the Body of Healthy Male Adults,Pfizer,RECRUITING,PHASE1,INTERVENTIONAL,2026-04-03,2026-09-24
NCT05431088,A Phase 2/3 Study in Adult and Adolescent Participants With SCD,Pfizer,RECRUITING,PHASE2,INTERVENTIONAL,2022-09-22,2032-12-31
NCT07144280,A Study to Learn About the Study Medicine Called PF-08046054/SGN-PDL1V Versus Docetaxel in Adult Participants With Previously-Treated Programmed Cell Death Ligand 1 (PD-L1) Positive Non-Small-Cell Lung Cancer (NSCLC),Pfizer,RECRUITING,PHASE3,INTERVENTIONAL,2025-09-29,2032-03-10
NCT07090499,A Study to Learn About the Study Medicine Called PF-08046876 in People With Advanced Solid Tumors,Pfizer,RECRUITING,PHASE1,INTERVENTIONAL,2025-08-20,2029-07-08
NCT04389632,A Study of Sigvotatug Vedotin in Advanced Solid Tumors,"Seagen, a wholly owned subsidiary of Pfizer",RECRUITING,PHASE1,INTERVENTIONAL,2020-06-08,2029-03-22
NCT05639647,Study of 2 Medicines (Aztreonam and Avibactam) Compared to Best Available Therapy for Serious Gram-negative Infections,Pfizer,RECRUITING,PHASE2,INTERVENTIONAL,2023-04-18,2027-03-31
NCT07222566,Symbiotic-Lung-01 : A Study to Learn About the Study Medicine Called PF-08634404 in Combination With Chemotherapy in Adult Participants With Locally Advanced or Metastatic Non-Small Cell Lung Cancer,Pfizer,RECRUITING,PHASE3,INTERVENTIONAL,2026-01-06,2032-08-26
NCT06977581,A Study to Learn About the Study Medicine Called PF-07275315 in People With Moderate-To-Severe Asthma,Pfizer,RECRUITING,PHASE2,INTERVENTIONAL,2025-05-20,2027-05-31
NCT05391061,A Study to Learn About the Study Medicine (Called Cibinqo) in People With Atopic Dermatitis,Pfizer,RECRUITING,OBSERVATIONAL,OBSERVATIONAL,2023-01-07,2027-11-22
NCT06487078,Analysis of the Effectiveness and Safety of Lorlatinib in Untreated ALK-Positive NSCLC Patients in a French Real-World Context,Pfizer,RECRUITING,NA,INTERVENTIONAL,2025-01-20,2028-11-30
NCT07470879,"A Study of How the Medicine Called ""Etrasimod"" Works in Children With the Gut Disease Called Ulcerative Colitis",Pfizer,RECRUITING,PHASE2,INTERVENTIONAL,2026-05-28,2034-08-18
NCT07597928,A Study to Learn How Different Forms of the Study Medicine Called PF-08049820 Are Absorbed and Eliminated in Healthy Adults,Pfizer,RECRUITING,PHASE1,INTERVENTIONAL,2026-05-13,2026-09-25
NCT07215078,Study About Whether Atirmociclib/PF-07220060 Proportionally Increases Exposure as Dose Increases in Healthy Participants,Pfizer,RECRUITING,PHASE1,INTERVENTIONAL,2025-10-08,2026-06-26
NCT07153159,A Study to Learn How the Study Medicine Called Etrasimod is Taken up Into Blood and Breastmilk of Healthy Breastfeeding Women,Pfizer,RECRUITING,PHASE1,INTERVENTIONAL,2025-08-07,2026-10-12
NCT07269301,A Study to Learn How the Body Processes the Study Medicine PF-07328948 in People With and Without Reduced Liver Function,Pfizer,RECRUITING,PHASE1,INTERVENTIONAL,2025-12-22,2027-02-23
NCT06294925,A Study to Learn About the Effectiveness of Etrasimod in People With Ulcerative Colitis,Pfizer,RECRUITING,OBSERVATIONAL,OBSERVATIONAL,2024-05-08,2026-06-30
NCT00734591,Follow-Up Study for Exubera,Pfizer,COMPLETED,OBSERVATIONAL,OBSERVATIONAL,2008-08,2012-01
NCT01968980,A 52 Week Study To Assess The Use Of Bococizumab (PF-04950615; RN316) In Subjects With Heterozygous Familial Hypercholesterolemia,Pfizer,COMPLETED,PHASE3,INTERVENTIONAL,2013-10-23,2016-04-15
NCT00141388,To Evaluate the Long-Term Safety and Efficacy of Pregabalin in Patients With Partial Seizures,Pfizer,COMPLETED,PHASE3,INTERVENTIONAL,1998-07,2005-10
NCT06085924,A Study to Learn About Effects of Living With COVID-19 and the Use of the Medicines Nirmatrelvir-Ritonavir in Treating COVID-19.,Pfizer,COMPLETED,OBSERVATIONAL,OBSERVATIONAL,2023-11-07,2025-02-28
NCT01146327,A Multiple Dose Study Of PF-04620110 In Healthy Overweight Or Obese Subjects,Pfizer,COMPLETED,PHASE1,INTERVENTIONAL,2010-06,2011-01
NCT00150254,"12 Week Evaluation of the Safety and Efficacy of 4 Dosing Strategies of CP-526,555 and Placebo for Smoking Cessation.",Pfizer,COMPLETED,PHASE2,INTERVENTIONAL,2001-09,2002-10
NCT00161668,Study Evaluating Mylotarg (Gemtuzumab Ozogamicin) in Usual Care,Wyeth is now a wholly owned subsidiary of Pfizer,COMPLETED,OBSERVATIONAL,OBSERVATIONAL,2001-10,
NCT01046903,An Observational Study On The Safety And Tolerability Of Prolonged Thrombosis Prophylaxis With Fragmin®,Pfizer,COMPLETED,OBSERVATIONAL,OBSERVATIONAL,2010-03,2011-02
NCT06897683,A Study to Learn if the Study Medicine Called Carbamazepine Changes How the Body Processes PF-07220060,Pfizer,COMPLETED,PHASE1,INTERVENTIONAL,2025-03-21,2025-06-12
NCT00706225,Study Evaluating Potential Drug Interaction Of Bazedoxifene & Premarin In Healthy Postmenopausal Women,Wyeth is now a wholly owned subsidiary of Pfizer,COMPLETED,PHASE1,INTERVENTIONAL,2008-06,2008-07
NCT00072774,Study Evaluating DVS-233 SR In Adult Outpatients With Major Depressive Disorder,Wyeth is now a wholly owned subsidiary of Pfizer,COMPLETED,PHASE3,INTERVENTIONAL,,2004-11
NCT02133742,"A Dose Finding Study To Evaluate Safety, Drug Interaction, Tumor Markers Of Axitinib In Combination With MK-3475 In Adult Patients With Previously Untreated Advanced Renal Cell Cancer",Pfizer,COMPLETED,PHASE1,INTERVENTIONAL,2014-09-16,2019-07-03
NCT01932372,Tofacitinib (Xeljanz) Special Investigation for Rheumatoid Arthritis,Pfizer,COMPLETED,OBSERVATIONAL,OBSERVATIONAL,2013-07-26,2021-08-24
NCT00782600,"Study of Controlled Release Formulations of CE-224,535 Against the Immediate Release Formulation in Normal Volunteers",Pfizer,COMPLETED,PHASE1,INTERVENTIONAL,2008-07,2008-08
NCT00982267,A Trial Of SU14813 In Patients With Advanced Solid Malignancies,Pfizer,COMPLETED,PHASE1,INTERVENTIONAL,2003-12,2011-06
NCT00195195,Study Evaluating Rapamune in Transplant Recipients in the Nordic Countries,Wyeth is now a wholly owned subsidiary of Pfizer,COMPLETED,OBSERVATIONAL,OBSERVATIONAL,2005-01,2008-06
NCT01309542,Long-Term Safety Of DVS-233 SR In Patients With Major Depressive Disorder,Pfizer,COMPLETED,PHASE3,INTERVENTIONAL,2003-08,2006-03
NCT01258751,This Study Will Evaluate The Relationship Between Plasma Drug Levels And Receptor Binding In Brain Using PET (Positron Emission Tomography) In Healthy Volunteers,Pfizer,COMPLETED,PHASE1,INTERVENTIONAL,2010-12,2011-05
NCT00561951,"Dose-Finding Study To Evaluate The Efficacy, Tolerability And Safety Of Fesoterodine In Comparison To Placebo For Overactive Bladder.",Pfizer,COMPLETED,PHASE2,INTERVENTIONAL,2007-11,2009-01
NCT04609566,Brentuximab Vedotin With Pembrolizumab in Metastatic Solid Tumors,"Seagen, a wholly owned subsidiary of Pfizer",COMPLETED,PHASE2,INTERVENTIONAL,2021-01-26,2026-02-03
NCT03769194,"Immunogenicity and Safety Study of a Vaccine Against Lyme Borreliosis, in Healthy Adults Aged 18 to 65 Years. Randomized, Controlled, Observer-blind Phase 2 Study.",Pfizer,COMPLETED,PHASE2,INTERVENTIONAL,2018-12-17,2020-10-02
NCT05554237,A Study to Learn About the Study Medicine Called CTB+AVP in Healthy Adult People.,Pfizer,COMPLETED,PHASE1,INTERVENTIONAL,2022-10-07,2023-06-23
NCT00383253,Methods Study to Characterize Early Indicators of Weight Loss in People,Pfizer,COMPLETED,NA,INTERVENTIONAL,2006-10,2008-03
NCT00087737,Study Evaluating DVS-233 SR and Venlafaxine ER in Adult Outpatients With Major Depressive Disorder,Wyeth is now a wholly owned subsidiary of Pfizer,COMPLETED,PHASE3,INTERVENTIONAL,,2005-05
NCT03356977,A Study of Crisaborole Ointment 2% in Children Aged 3-24 Months With Mild to Moderate Atopic Dermatitis,Pfizer,COMPLETED,PHASE4,INTERVENTIONAL,2018-01-16,2019-04-12
NCT00161928,"Study of NeisVac-C Vaccine to Evaluate Immunological Interference With Hepatitis B, Inactivated Polio and Acellular Pertussis Vaccines in Healthy Infants",Pfizer,COMPLETED,PHASE3,INTERVENTIONAL,2002-04,2003-01
NCT04459767,"Investigation Of Safety, Tolerability, Pharmacokinetics And Pharmacodynamics Of Single Doses Of Vupanorsen In Japanese Healthy Adult Participants With Elevated Triglycerides",Pfizer,COMPLETED,PHASE1,INTERVENTIONAL,2020-08-06,2020-12-15
NCT00364182,Study Comparing On-Demand Treatment With Two Prophylaxis Regimens Of BeneFIX In Patients With Severe Hemophilia B,Pfizer,COMPLETED,PHASE3,INTERVENTIONAL,2007-05,2010-10
NCT00150241,"A Seven-Week Dose-Ranging Study of CP-526,555 Compared With Placebo and Zyban for Smoking Cessation",Pfizer,COMPLETED,PHASE2,INTERVENTIONAL,2000-02,2002-01
NCT03918629,Clostridium Difficile Vaccine 2-Dose Versus 3-Dose Study,Pfizer,COMPLETED,PHASE3,INTERVENTIONAL,2019-04-01,2020-12-22
NCT01044537,"A Trial To Assess The Safety, Tolerability, Pharmacokinetics, And Pharmacodynamics Of Single Doses Of PF-04937319 In Subjects With Type 2 Diabetes Mellitus",Pfizer,COMPLETED,PHASE1,INTERVENTIONAL,2010-02,2010-05
NCT00945672,A Multiple Dose Study of PF-04360365 In Patients With Mild to Moderate Alzheimer's Disease,Pfizer,COMPLETED,PHASE2,INTERVENTIONAL,2009-08-06,2011-06-01
NCT01350141,A Multiple Dose Study Of PF-04950615 (RN316) In Subjects On Maximum Doses Of Statins,Pfizer,COMPLETED,PHASE2,INTERVENTIONAL,2011-06,2012-06
NCT06670170,A Study to Learn How Different Forms of the Study Medicine Called PF-07976016 Are Taken Up Into the Blood in Healthy Adults,Pfizer,COMPLETED,PHASE1,INTERVENTIONAL,2024-11-05,2025-01-17
NCT04798586,MAGNETISMM-2: Study of Elranatamab (PF-06863135) in Japanese Participants With Multiple Myeloma,Pfizer,COMPLETED,PHASE1,INTERVENTIONAL,2021-03-22,2023-05-17
NCT04909853,Renal Impairment Study of PF-07321332 Boosted With Ritonavir in Adult Participants With Renal Impairment and in Healthy Participants With Normal Renal Function.,Pfizer,COMPLETED,PHASE1,INTERVENTIONAL,2021-06-15,2021-10-07
NCT02070939,Study To Evaluate Safety And Tolerability Of Single And Multiple Ascending Doses Of PF- 06260414 In Healthy Western And Japanese Male Subjects,Pfizer,COMPLETED,PHASE1,INTERVENTIONAL,2014-02,2015-03
NCT01432366,Correlation Between Beliefs About Medicine and Objective Measures of Efficacy and Safety in Rheumatoid Arthritis (RA),Pfizer,COMPLETED,OBSERVATIONAL,OBSERVATIONAL,2010-10,2015-01
NCT06392230,A Study to Learn How the Medicine Called [14C] PF-06821497 is Taken up Into and Removed From the Body.,Pfizer,COMPLETED,PHASE1,INTERVENTIONAL,2024-08-30,2024-11-11
NCT01217918,Multiple Oral Doses Of PH-797804 In Healthy Japanese Adult Subjects,Pfizer,COMPLETED,PHASE1,INTERVENTIONAL,2010-10,2011-02
NCT01039688,"Comparing The Effectiveness And Safety Of 2 Doses Of An Experimental Drug, CP-690,550, To Methotrexate (MTX) In Patients With Rheumatoid Arthritis Who Have Not Previously Received MTX",Pfizer,COMPLETED,PHASE3,INTERVENTIONAL,2010-01,2013-03
NCT06072196,A Study to Learn About Novel Hormonal Therapies in People With Metastatic Castration-Sensitive Prostate Cancer (mCSPC),Pfizer,COMPLETED,OBSERVATIONAL,OBSERVATIONAL,2023-10-04,2024-12-18
NCT00141362,Evaluate Long-Term Safety and Efficacy of Pregabalin in Patients With Chronic Neuropathic Pain.,Pfizer,COMPLETED,PHASE3,INTERVENTIONAL,2001-10,2005-08
NCT04707313,A Study to Evaluate the Efficacy and Safety of PF-06882961 in Adults With Obesity,Pfizer,COMPLETED,PHASE2,INTERVENTIONAL,2021-01-29,2023-10-11
NCT00150423,To Evaluate the Safety and Efficacy of Pregabalin in Patients With Painful Diabetic Peripheral Neuropathy.,Pfizer,COMPLETED,PHASE3,INTERVENTIONAL,2001-01,2005-07
NCT04657991,"A Clinical Trial of Three Study Medicines (Encorafenib, Binimetinib, and Pembrolizumab) in Patients With Advanced or Metastatic Melanoma",Pfizer,ACTIVE_NOT_RECRUITING,PHASE3,INTERVENTIONAL,2021-01-15,2026-08-31
NCT06157892,A Study of Disitamab Vedotin With Other Anticancer Drugs in Solid Tumors,"Seagen, a wholly owned subsidiary of Pfizer",ACTIVE_NOT_RECRUITING,PHASE2,INTERVENTIONAL,2024-05-20,2029-07-28
NCT05654623,"A Study to Learn About a New Medicine Called Vepdegestrant (ARV-471, PF-07850327) in People Who Have Advanced Metastatic Breast Cancer",Pfizer,ACTIVE_NOT_RECRUITING,PHASE3,INTERVENTIONAL,2023-03-03,2028-05-15
NCT07552779,A Study of How Ibuzatrelvir is Taken up Into the Blood of Healthy Adults After Taking Different Tablets of Ibuzatrelvir,Pfizer,ACTIVE_NOT_RECRUITING,PHASE1,INTERVENTIONAL,2026-04-13,2026-06-29
NCT05262400,A Study to Learn About the Study Medicine (Called PF-07220060 in Combination With PF-07104091) In Participants With Breast Cancer and Solid Tumors,Pfizer,ACTIVE_NOT_RECRUITING,PHASE1,INTERVENTIONAL,2022-03-14,2026-08-23
NCT06012435,A Study of SGN-B6A Versus Docetaxel in Previously Treated Non-small Cell Lung Cancer,"Seagen, a wholly owned subsidiary of Pfizer",ACTIVE_NOT_RECRUITING,PHASE3,INTERVENTIONAL,2024-02-21,2028-05-17
NCT06479954,Non Interventional Study to Investigate the Safety and Effectiveness in Patients With Relapsed and Refractory Multiple Myeloma Treated With Elranatamab Under the Actual Use.,Pfizer,ACTIVE_NOT_RECRUITING,OBSERVATIONAL,OBSERVATIONAL,2024-07-30,2027-02-25
NCT06072183,A 104-Week Study of Ritlecitinib Oral Capsules in Adults With Nonsegmental Vitiligo (Active and Stable) Tranquillo 2,Pfizer,ACTIVE_NOT_RECRUITING,PHASE3,INTERVENTIONAL,2023-11-08,2027-07-30
NCT06003231,A Study of Disitamab Vedotin in Previously Treated Solid Tumors That Express HER2,"Seagen, a wholly owned subsidiary of Pfizer",ACTIVE_NOT_RECRUITING,PHASE2,INTERVENTIONAL,2023-11-14,2028-05-31
NCT07226531,Utilization and Effectiveness of Ritlecitinib in a Real-World Population With Severe AA in the US,Pfizer,ACTIVE_NOT_RECRUITING,OBSERVATIONAL,OBSERVATIONAL,2025-12-22,2026-05-29
NCT04821622,Study of Talazoparib With Enzalutamide in Men With DDR Gene Mutated mCSPC,Pfizer,ACTIVE_NOT_RECRUITING,PHASE3,INTERVENTIONAL,2021-05-12,2027-08-28
NCT07587697,A Study to Compare the Amount of Two Forms of Tafamidis in the Blood of Healthy Adults Under Fasting Conditions,Pfizer,ACTIVE_NOT_RECRUITING,PHASE1,INTERVENTIONAL,2026-05-11,2026-08-03
NCT05160922,Crizotinib Continuation Clinical Study,Pfizer,ACTIVE_NOT_RECRUITING,PHASE4,INTERVENTIONAL,2021-12-27,2028-03-21
NCT07122661,STudy of Real World vaccinE Effectiveness of maTernal RSVpreF vaccinatiON Against Respiratory Syncytial Virus (RSV) in Hospitalised Infants in Australia (STREETON),Pfizer,ACTIVE_NOT_RECRUITING,OBSERVATIONAL,OBSERVATIONAL,2025-08-11,2027-04-30
NCT07508241,A Study to Learn About the Effect of Study Medicine Called PF-08653944 on How Quickly the Stomach Empties Its Content in Healthy Adults With Overweight or Obesity,Pfizer,ACTIVE_NOT_RECRUITING,PHASE1,INTERVENTIONAL,2026-03-31,2027-01-27
NCT06546800,SPECIAL INVESTIGATION FOR ABRYSVO IN INDIVIDUALS AGED 60 YEARS OR OLDER,Pfizer,ACTIVE_NOT_RECRUITING,OBSERVATIONAL,OBSERVATIONAL,2025-05-27,2027-10-28
NCT05035212,"Study to Evaluate the Efficacy, Immunogenicity, and Safety of RSVpreF in Adults.",Pfizer,ACTIVE_NOT_RECRUITING,PHASE3,INTERVENTIONAL,2021-08-31,2027-01-18
NCT07494656,A Retrospective Observational Study of Epidemiology and Outcomes in Transthyretin Amyloid Cardiomyopathy in Germany,Pfizer,ACTIVE_NOT_RECRUITING,OBSERVATIONAL,OBSERVATIONAL,2026-04-02,2026-06-30
NCT07284173,A Study to Learn if a Medicine That Reduces Stomach Acid Affects the Blood Level of Study Medicine PF-08049820 in Healthy Chinese Adults.,Pfizer,ACTIVE_NOT_RECRUITING,PHASE1,INTERVENTIONAL,2025-11-03,2025-12-15
NCT04767594,First-line Palbociclib and Endocrine Therapy for Patients With HR+/HER2- Advanced Breast Cancer in the Real-world Setting.,Pfizer,ACTIVE_NOT_RECRUITING,OBSERVATIONAL,OBSERVATIONAL,2020-10-27,2028-04-30
NCT03485209,Efficacy and Safety Study of Tisotumab Vedotin for Patients With Solid Tumors,"Seagen, a wholly owned subsidiary of Pfizer",ACTIVE_NOT_RECRUITING,PHASE2,INTERVENTIONAL,2018-06-25,2027-03-31
NCT05602766,Ngenla Subcutaneous Injection Special Investigation,Pfizer,ACTIVE_NOT_RECRUITING,OBSERVATIONAL,OBSERVATIONAL,2023-02-06,2029-04-06
NCT07161687,A Study to Learn About the Study Medicine -Hympavzi in Congenital Hemophilia Patients Without Inhibitors in Japan.,Pfizer,ACTIVE_NOT_RECRUITING,OBSERVATIONAL,OBSERVATIONAL,2025-10-30,2030-04-11
NCT05387980,A Study to Learn About the Study Medicine (CIBINQO) in People With Atopic Dermatitis.,Pfizer,ACTIVE_NOT_RECRUITING,OBSERVATIONAL,OBSERVATIONAL,2022-04-19,2028-11-01
NCT06973720,A Phase 2b Study to Evaluate the Efficacy and Safety of Once-Monthly MET097 in Adults With Obesity or Overweight,Pfizer,ACTIVE_NOT_RECRUITING,PHASE2,INTERVENTIONAL,2025-04-07,2026-10-16
NCT00333307,Evaluation of the Safety of Relaxin in Preeclampsia,"Corthera, Inc.(formerly BAS Medical, Inc.), a member of the Novartis group of companies",SUSPENDED,PHASE1,INTERVENTIONAL,2006-10,
NCT01299701,"A Single Center Study to Characterize the Absorption, Distribution, Metabolism and Excretion (ADME) of ASA404 After a Single Infusion in Patients With Solid Tumors",Novartis Pharmaceuticals,TERMINATED,PHASE1,INTERVENTIONAL,2008-12,2009-07
NCT03354754,"LYS228 PK, Clinical Response, Safety and Tolerability in Patients With Complicated Intra-abdominal Infection (cIAI)",Novartis Pharmaceuticals,TERMINATED,PHASE2,INTERVENTIONAL,2018-05-15,2018-09-24
NCT05266495,Effectiveness of Brolucizumab in Pre-treated Patients With nAMD in the Real-world Setting,Novartis Pharmaceuticals,TERMINATED,OBSERVATIONAL,OBSERVATIONAL,2022-04-13,2023-03-13
NCT03629249,Systemic Corticosteroids Avoidance Study in Severe Asthma Patients,Novartis Pharmaceuticals,TERMINATED,PHASE3,INTERVENTIONAL,2018-12-13,2020-02-06
NCT05764265,Extension Study of Efficacy and Safety of LTP001 in Pulmonary Arterial Hypertension Participants,Novartis Pharmaceuticals,TERMINATED,PHASE2,INTERVENTIONAL,2023-03-27,2024-05-14
NCT03968419,This Study Will Evaluate the Effect of Canakinumab or Pembrolizumab Given as Monotherapy or in Combination as Neo-adjuvant Treatment for Subjects With Early Stages NSCLC.,Novartis Pharmaceuticals,TERMINATED,PHASE2,INTERVENTIONAL,2019-11-05,2022-08-15
NCT02002689,LDE225 for Patients With PTCH1 or SMO Mutated Tumors,Novartis Pharmaceuticals,TERMINATED,PHASE2,INTERVENTIONAL,2014-02,2015-03
NCT01095250,Safety and Efficacy of AIN457 in Patients With Active Non-infectious Uveitis,Novartis Pharmaceuticals,TERMINATED,PHASE3,INTERVENTIONAL,2010-04,2010-10
NCT03876028,Study of Tisagenlecleucel in Combination With Ibrutinib in r/r Diffuse Large B-cell Lymphoma Patients,Novartis Pharmaceuticals,TERMINATED,PHASE1,INTERVENTIONAL,2019-06-11,2021-11-01
NCT05086744,"Basket Study to Assess Efficacy, Safety and PK of Iptacopan (LNP023) in Autoimmune Benign Hematological Disorders",Novartis Pharmaceuticals,TERMINATED,PHASE2,INTERVENTIONAL,2021-12-21,2024-05-17
NCT02335944,Study of Safety and Efficacy of EGFR-TKI EGF816 in Combination With cMET Inhibitor INC280 in Adult Patients With EGFR Mutated Non Small Cell Lung Cancer.,Novartis Pharmaceuticals,TERMINATED,PHASE1,INTERVENTIONAL,2015-01-13,2020-11-10
NCT03176264,PDR001 in Combination With Bevacizumab and mFOLFOX6 as First Line Therapy in Patients With Metastatic MSS Colorectal Cancer,Novartis Pharmaceuticals,TERMINATED,PHASE1,INTERVENTIONAL,2017-09-25,2018-01-30
NCT04237649,"KAZ954 Alone and With PDR001, NZV930 and NIR178 in Advanced Solid Tumors",Novartis Pharmaceuticals,TERMINATED,EARLY_PHASE1,INTERVENTIONAL,2020-02-20,2023-09-15
NCT00251433,GW572016 With Docetaxel and Trastuzumab for the Treatment Of Untreated ErbB2 Over-Expressing Metastatic Breast Cancer,Novartis Pharmaceuticals,TERMINATED,PHASE1,INTERVENTIONAL,2005-09-26,2022-06-22
NCT00125346,Tobramycin Inhalation Powder (TIP) in Cystic Fibrosis Subjects,Novartis,TERMINATED,PHASE3,INTERVENTIONAL,2005-09,2007-02
NCT01375179,Efficacy & Safety in Moderately Active Refractory Ulcerative Colitis Patients,Novartis Pharmaceuticals,TERMINATED,PHASE2,INTERVENTIONAL,2010-12,2012-05
NCT02947152,"HKT288 in Solid Tumors, Including Epithelial Ovarian Cancer and Renal Cell Carcinoma",Novartis Pharmaceuticals,TERMINATED,PHASE1,INTERVENTIONAL,2016-12-01,2017-09-14
NCT03297294,Safety and Efficacy of EMA401 in Patients With Painful Diabetic Neuropathy (PDN),Novartis Pharmaceuticals,TERMINATED,PHASE2,INTERVENTIONAL,2018-03-14,2019-03-25
NCT01374451,Efficacy of Everolimus Alone or in Combination With Pasireotide LAR in Advanced PNET,Novartis Pharmaceuticals,TERMINATED,PHASE2,INTERVENTIONAL,2011-06,2015-02
NCT00427583,Imatinib Mesylate Treatment of Patients With Malignant Peripheral Nerve Sheath Tumors,Novartis Pharmaceuticals,TERMINATED,PHASE2,INTERVENTIONAL,2006-05,
NCT04795466,Study of the Efficacy and Safety of Various Anti-inflammatory Agents in Participants With Mild Cognitive Impairment or Mild Alzheimer's Disease,Novartis Pharmaceuticals,TERMINATED,PHASE2,INTERVENTIONAL,2021-10-28,2024-03-07
NCT04702425,"VOB560-MIK665 Combination First in Human Trial in Patients With Hematological Malignancies (Relapsed/Refractory Non-Hodgkin Lymphoma, Relapsed/Refractory Acute Myeloid Leukemia, or Relapsed/Refractory Multiple Myeloma)",Novartis Pharmaceuticals,TERMINATED,PHASE1,INTERVENTIONAL,2021-06-23,2024-07-23
NCT02720510,"A Trial Evaluating Efficacy & Safety of RVD +/- Panobinostat in Transplant Eligible, Newly Diagnosed Multiple Myeloma (NDMM)",Novartis Pharmaceuticals,TERMINATED,PHASE2,INTERVENTIONAL,2016-06-14,2017-05-22
NCT01090310,Safety and Efficacy of AIN457 in Patients With Quiescent Non-infectious Uveitis,Novartis Pharmaceuticals,TERMINATED,PHASE3,INTERVENTIONAL,2010-08,2011-07
NCT02608268,Phase I-Ib/II Study of MBG453 as Single Agent and in Combination With PDR001 in Patients With Advanced Malignancies,Novartis Pharmaceuticals,TERMINATED,PHASE1,INTERVENTIONAL,2015-11-23,2022-08-30
NCT01299415,"Safety and Pharmacokinetics of ASA404 When Given Together With Fluvoxamine, a Selective Serotonin Receptor Reuptake Inhibitor and CYP1A2 Inhibitor",Novartis Pharmaceuticals,TERMINATED,PHASE1,INTERVENTIONAL,2009-08,
NCT00142974,Assessment of the Effect of Tegaserod (2 mg Tid and 6 mg Tid) on Dyspeptic Symptoms in Diabetic Patients With Symptoms of Diabetic Gastropathy,Novartis,TERMINATED,PHASE2,INTERVENTIONAL,2004-05,2005-04
NCT00658333,A Study Designed to Compare the Tolerability of an Increased Dose of Enteric-coated Mycophenolate Acid (MPA) in Renal Transplant Patients Whose Dose of Mycophenolate Mofetil (MMF) Was Reduced Due to Gastrointestinal Symptoms,Novartis Pharmaceuticals,TERMINATED,PHASE4,INTERVENTIONAL,2008-03,2009-03
NCT02974725,A Phase Ib Study of LXH254-centric Combinations in NSCLC or Melanoma,Novartis Pharmaceuticals,TERMINATED,PHASE1,INTERVENTIONAL,2017-02-24,2024-04-24
NCT00968968,Continued HER2 Suppression With Lapatinib Plus Trastuzumab Versus Trastuzumab Alone,Novartis Pharmaceuticals,TERMINATED,PHASE3,INTERVENTIONAL,2010-01-20,2018-03-30
NCT00108108,Dose-finding Trial of HCD122 in Patients With Chronic Lymphocytic Leukemia (CLL) That is Relapsed or Non-responsive to Prior Fludaribine Therapy,Novartis Pharmaceuticals,TERMINATED,PHASE1,INTERVENTIONAL,2005-04,2008-06
NCT01379521,Safety and Efficacy of RAD001 + TACE in Localized Unresectable HCC,Novartis Pharmaceuticals,TERMINATED,PHASE2,INTERVENTIONAL,2011-06,2015-06
NCT01562041,Evaluation of Exercise Treadmill Test (ETT) Indices in Participants With Cardiovascular Disease,Novartis Pharmaceuticals,TERMINATED,PHASE2,INTERVENTIONAL,2012-03-09,2014-01-02
NCT04427072,Study of Capmatinib Efficacy in Comparison With Docetaxel in Previously Treated Participants With Non-small Cell Lung Cancer Harboring MET Exon 14 Skipping Mutation,Novartis Pharmaceuticals,TERMINATED,PHASE3,INTERVENTIONAL,2020-09-25,2023-11-06
NCT02987660,Comparison of Topography Guided LASIK With WaveLight® EX500 to SMILE With Zeiss VisuMax,"Alcon, a Novartis Company",TERMINATED,NA,INTERVENTIONAL,2017-03-03,2017-07-26
NCT01688882,"Safety, Efficacy and PK/PD of QGE031 vs. Placebo in Patients With Active Bullous Pemphigoid Despite Oral Steroid Treatment",Novartis Pharmaceuticals,TERMINATED,PHASE2,INTERVENTIONAL,2013-01,2015-03
NCT02235740,"A Study Conducted in Subjects With Relapsed/Refractory Multiple Myeloma (MM); to Determine Dose of Afuresertib in Combination With Carfilzomib (Part 1) and to Investigate the Safety, Pharmacokinetic and Clinical Activity of the Combination Compared With Carfilzomib Alone (Part 2)",Novartis,TERMINATED,PHASE1,INTERVENTIONAL,2014-11,2015-10
NCT03333694,"Safety, Tolerability, and Efficacy Study of CLL442 in Patients With Cutaneous Squamous Cell Carcinoma in Situ (SCCis)",Novartis Pharmaceuticals,TERMINATED,PHASE1,INTERVENTIONAL,2017-12-15,2018-11-01
NCT01915303,Study of the Efficacy and Safety of Pasireotide s.c. +/- Cabergoline in Patients With Cushing's Disease,Novartis Pharmaceuticals,TERMINATED,PHASE2,INTERVENTIONAL,2014-03-06,2019-09-04
NCT01156415,Open-label Long Term (52 Weeks) Safety and Tolerability of Agomelatine Sublingual Tablets in Major Depressive Disorder (MDD),Novartis Pharmaceuticals,TERMINATED,PHASE3,INTERVENTIONAL,2010-06,2011-10
NCT04268823,Clinical Study to Assess the Mode of Action of QBW251 in Patients With Chronic Obstructive Pulmonary Disease (COPD),Novartis Pharmaceuticals,TERMINATED,PHASE2,INTERVENTIONAL,2020-09-10,2022-09-20
NCT00171119,"A Study in Patients With Diabetes Mellitus Type II of the Effect on Albuminuria of 24 Week Treatment With Valsartan, Benazepril, and Valsartan+Benazepril",Novartis Pharmaceuticals,TERMINATED,PHASE4,INTERVENTIONAL,2004-01,
NCT00757757,A Phase I/II Open-label Study of MCS110 in Patients With Prostate Cancer and Bone Metastases,Novartis Pharmaceuticals,TERMINATED,PHASE1,INTERVENTIONAL,2008-09,2009-08
NCT01852292,Study of Efficacy and Safety of Buparlisib (BKM120) Plus Paclitaxel Versus Placebo Plus Paclitaxel in Recurrent or Metastatic Head and Neck Cancer Previously Pre-treated With a Platinum Therapy,Novartis Pharmaceuticals,TERMINATED,PHASE2,INTERVENTIONAL,2013-10-01,2017-03-30
NCT04443907,Study of Safety and Efficacy of Genome-edited Hematopoietic Stem and Progenitor Cells in Sickle Cell Disease (SCD),Novartis Pharmaceuticals,TERMINATED,PHASE1,INTERVENTIONAL,2020-08-25,2025-01-06
NCT05750628,Platform Study to Evaluate the Efficacy and Safety of Anti-malarial Agents in Patients With Uncomplicated Plasmodium Falciparum Malaria,Novartis Pharmaceuticals,RECRUITING,PHASE2,INTERVENTIONAL,2024-01-23,2026-06-23
NCT04657822,Rollover Study for Patients With Sickle Cell Disease Who Have Completed a Prior Novartis-Sponsored Crizanlizumab Study,Novartis Pharmaceuticals,RECRUITING,PHASE4,INTERVENTIONAL,2021-06-10,2031-06-10
NCT07226986,A Phase Ib/II Open-label Study of AMO959 With Lutetium (177Lu) Vipivotide Tetraxetan (AAA617) in Combination With ARPI in Adult Participants With PSMA-positive mCRPC,Novartis Pharmaceuticals,RECRUITING,PHASE1,INTERVENTIONAL,2025-12-05,2029-09-13
NCT06991556,An Open-label Study of JSB462 (Luxdegalutamide) in Combination With Abiraterone in Adult Male Patients With Metastatic Hormone-sensitive Prostate Cancer (mHSPC),Novartis Pharmaceuticals,RECRUITING,PHASE2,INTERVENTIONAL,2025-07-07,2035-10-19
NCT06562192,"Phase I Study of [177Lu]Lu-NNS309 in Patients With Pancreatic, Lung, Breast and Colorectal Cancers",Novartis Pharmaceuticals,RECRUITING,PHASE1,INTERVENTIONAL,2024-10-15,2031-01-16
NCT07243002,Real-world Evaluation of Patient Outcomes and Experiences With Ribociclib Early Adopters.,Novartis Pharmaceuticals,RECRUITING,OBSERVATIONAL,OBSERVATIONAL,2025-12-15,2030-04-30
NCT07681271,"A Phase 2 Study to Investigate the Efficacy, Safety and Tolerability of Remibrutinib (LOU064) in Adult Patients With Papulopustular Rosacea (PPR)",Novartis Pharmaceuticals,RECRUITING,PHASE2,INTERVENTIONAL,2026-07-29,2027-12-07
NCT07340190,"A Drug-drug Interaction Study to Evaluate the Effects of Pelabresib on the Pharmacokinetics of Repaglinide, Midazolam, and Combined Oral Contraceptive in Patients With Advanced Malignancies",Novartis Pharmaceuticals,RECRUITING,PHASE1,INTERVENTIONAL,2026-06-12,2028-04-07
NCT06372925,Intravascular Imaging Study of the Effect of Inclisiran on Plaque in Patients With Acute Myocardial Infarction,Novartis Pharmaceuticals,RECRUITING,PHASE4,INTERVENTIONAL,2024-07-09,2027-01-26
NCT06858332,Lipoprotein(a) Levels in Patients With Atherosclerotic Cardiovascular Diseases in Russia,Novartis Pharmaceuticals,RECRUITING,OBSERVATIONAL,OBSERVATIONAL,2025-04-15,2027-09-30
NCT07498335,"Study to Assess the Efficacy, Pharmacokinetics, Safety and Tolerability of Atrasentan in Pediatric Patients With Primary IgAN",Novartis Pharmaceuticals,RECRUITING,PHASE3,INTERVENTIONAL,2026-08-26,2032-12-13
NCT06517719,Real-world Experience With Lutetium Vipivotide Tetraxetan in Metastatic Castration Resistant Prostate Cancer,Novartis Pharmaceuticals,RECRUITING,OBSERVATIONAL,OBSERVATIONAL,2024-09-04,2028-02-01
NCT06910813,DFT383 in Pediatric Participants With Nephropathic Cystinosis,Novartis Pharmaceuticals,RECRUITING,PHASE1,INTERVENTIONAL,2025-06-02,2044-03-14
NCT05682378,"Long-term Safety and Tolerability of Inclisiran in Participants With HeFH or HoFH Who Have Completed the Pediatric ORION-16, ORION-13, ORION-20, or ORION-19 Studies",Novartis Pharmaceuticals,RECRUITING,PHASE3,INTERVENTIONAL,2023-02-10,2032-03-28
NCT06439082,A Study to Investigate the Efficacy and Safety of Crizanlizumab (5 mg/kg) Compared With Placebo in Adolescent and Adult Sickle Cell Disease Patients Who Experience Frequent Vaso-Occlusive Crises (SPARKLE),Novartis Pharmaceuticals,RECRUITING,PHASE3,INTERVENTIONAL,2024-10-24,2030-04-19
NCT07549516,"A Study on the Tolerability, Safety and Effectiveness of Asciminib in Patients With Philadelphia Chromosome-positive Chronic Myeloid Leukemia in the Chronic Phase in Germany",Novartis Pharmaceuticals,RECRUITING,OBSERVATIONAL,OBSERVATIONAL,2026-04-17,2030-09-30
NCT06931691,"A Multi-center, Ambispective Cohort Study to Evaluate the Impact of Iptacopan for Adult Patients With PNH in China",Novartis Pharmaceuticals,RECRUITING,OBSERVATIONAL,OBSERVATIONAL,2025-06-10,2027-04-21
NCT07261631,Phase I Study of [177Lu]Lu-DFC413 in Patients With Solid Tumors,Novartis Pharmaceuticals,RECRUITING,PHASE1,INTERVENTIONAL,2025-11-24,2029-05-09
NCT02445222,CAR-T Long Term Follow Up (LTFU) Study,Novartis Pharmaceuticals,RECRUITING,PHASE3,INTERVENTIONAL,2015-11-02,2036-02-22
NCT06784752,Study to Evaluate the Efficacy and Safety of [177Lu]Lu-DOTA-TATE in Patients With Grade 1 and Grade 2 Advanced GEP-NET,Novartis Pharmaceuticals,RECRUITING,PHASE3,INTERVENTIONAL,2025-05-30,2034-01-23
NCT07604571,Study of IEV407 as Single Agent or in Combination in Patients With Advanced HR+/HER2- Breast Cancer,Novartis Pharmaceuticals,RECRUITING,PHASE1,INTERVENTIONAL,2026-05-28,2032-06-08
NCT07357727,A Phase 3 Study of Pelabresib (DAK539) and Ruxolitinib in Myelofibrosis (MF),Novartis Pharmaceuticals,RECRUITING,PHASE3,INTERVENTIONAL,2026-06-16,2030-12-27
NCT06133972,Phase 3 Extension Study to Evaluate Long-term Safety of Ianalumab in Participants With Systemic Lupus Erythematosus (SIRIUS-SLE Extension).,Novartis Pharmaceuticals,RECRUITING,PHASE3,INTERVENTIONAL,2024-05-21,2032-04-05
NCT07354074,Study to Determine the Efficacy and Safety of Asciminib in Pediatric Patients With Ph+ CML-CP,Novartis Pharmaceuticals,RECRUITING,PHASE2,INTERVENTIONAL,2026-04-28,2033-02-23
NCT07375355,Real-world Study of Scemblix in the Treatment of Chronic Myeloid Leukemia in China,Novartis Pharmaceuticals,RECRUITING,OBSERVATIONAL,OBSERVATIONAL,2026-02-12,2028-12-31
NCT05809986,Ofatumumab in Portuguese Multiple Sclerosis Patients - an Observational Study,Novartis Pharmaceuticals,RECRUITING,OBSERVATIONAL,OBSERVATIONAL,2023-11-27,2026-12-31
NCT06855277,Study Comparing AAA817+ARPI Versus Standard of Care in Adult Participants With PSMA-positive mCRPC,Novartis Pharmaceuticals,RECRUITING,PHASE3,INTERVENTIONAL,2025-07-01,2032-11-04
NCT07140614,"A First in Human Study to Assess the Safety, Tolerability, and Pharmacokinetics of EDK060 in Adults With CMT1A.",Novartis Pharmaceuticals,RECRUITING,PHASE1,INTERVENTIONAL,2025-09-30,2028-02-26
NCT07326709,"A Study to Investigate the Efficacy, Safety and Tolerability of Votoplam in Participants With Huntington's Disease",Novartis Pharmaceuticals,RECRUITING,PHASE3,INTERVENTIONAL,2026-03-24,2030-04-30
NCT06994845,"Study to Assess the Efficacy, Pharmacokinetics, Safety and Tolerability of Iptacopan in Pediatric Patients With Primary IgAN",Novartis Pharmaceuticals,RECRUITING,PHASE3,INTERVENTIONAL,2025-11-27,2030-06-30
NCT04174157,Registry of Patients With a Diagnosis of Spinal Muscular Atrophy (SMA),Novartis Pharmaceuticals,RECRUITING,OBSERVATIONAL,OBSERVATIONAL,2018-09-25,2038-06-30
NCT06514521,Post Marketing Study on Pluvicto in Korea,Novartis Pharmaceuticals,RECRUITING,OBSERVATIONAL,OBSERVATIONAL,2025-04-18,2028-05-31
NCT05935215,Efficacy and Safety of Switching From Anti-C5 Antibody Treatment to Iptacopan Treatment in Study Participants With Atypical Hemolytic Uremic Syndrome (aHUS),Novartis Pharmaceuticals,RECRUITING,PHASE3,INTERVENTIONAL,2024-02-28,2029-07-19
NCT07517263,An Open Label Extension (OLE) Study (Following Completion of CTQJ230A12301) to Evaluate Long-term Safety and Tolerability of Pelacarsen (TQJ230),Novartis Pharmaceuticals,RECRUITING,PHASE3,INTERVENTIONAL,2026-05-11,2030-01-09
NCT04933552,Post-Authorization Safety Study for Assessment of Pregnancy Outcomes in Patients Treated With Mayzent,Novartis Pharmaceuticals,RECRUITING,OBSERVATIONAL,OBSERVATIONAL,2021-12-15,2032-05-31
NCT07626281,"Assessment of Safety, Tolerability, Pharmacokinetics and Pharmacodynamics of a New Formulation of Inclisiran Containing Polysorbate 80 Compared to the Currently Marketed Formulation",Novartis Pharmaceuticals,RECRUITING,PHASE1,INTERVENTIONAL,2026-06-09,2026-12-21
NCT07594587,A Study of Ruxolitinib in Patients With Graft-Versus Host Disease,Novartis Pharmaceuticals,RECRUITING,OBSERVATIONAL,OBSERVATIONAL,2026-05-11,2030-05-15
NCT04094311,Study of Out of Specification for Tisagenlecleucel,Novartis Pharmaceuticals,RECRUITING,PHASE3,INTERVENTIONAL,2019-11-21,2027-03-31
NCT05344469,A NIS Evaluating Various Injectable and Oral Treatments in Patients With Relapsing Multiple Sclerosis,Novartis Pharmaceuticals,RECRUITING,OBSERVATIONAL,OBSERVATIONAL,2022-05-10,2029-05-30
NCT06684964,"RWE,NIS,Prospective Study for the Effectiveness, Tolerability and Adherence of Asciminib in Saudi Arabia. (ASC4REAL)",Novartis Pharmaceuticals,RECRUITING,OBSERVATIONAL,OBSERVATIONAL,2025-03-24,2026-12-30
NCT00348491,"Efficacy of Lumiracoxib in Relieving Moderate to Severe Post-dental Surgery Pain, Compared to Both Placebo and Celecoxib",Novartis Pharmaceuticals,COMPLETED,PHASE4,INTERVENTIONAL,2006-02,
NCT01285479,The Gilenya Pregnancy Registry,Novartis Pharmaceuticals,COMPLETED,OBSERVATIONAL,OBSERVATIONAL,2011-10-15,2024-05-29
NCT00938860,Sustained Virological Response (SVR) to Antiviral Treatment of Liver Transplant Recipients With Recurrent Hepatitis C,Novartis Pharmaceuticals,COMPLETED,PHASE4,INTERVENTIONAL,2009-09,2013-05
NCT01150123,Safety and Immunogenicity of a Group B Streptococcus Vaccine in Healthy Women,Novartis Vaccines,COMPLETED,PHASE1,INTERVENTIONAL,2010-05,2012-10
NCT00260923,A Dose Ranging Study to Compare the Safety and Efficacy of Aliskiren in Patients With High Blood Pressure,Novartis,COMPLETED,PHASE3,INTERVENTIONAL,2005-11,2006-11
NCT05424523,Effectiveness and Safety of Omalizumab in Children With Allergic Asthma.,Novartis Pharmaceuticals,COMPLETED,OBSERVATIONAL,OBSERVATIONAL,2021-02-25,2021-06-28
NCT01265446,Efficacy and Safety of a Sore Throat Lozenge Containing Lidocaine and Cetylpyridinium Chloride in Patients With Sore Throat Due to a Common Cold.,Novartis,COMPLETED,PHASE3,INTERVENTIONAL,2010-12,2011-04
NCT01596712,"Safety, Tolerability, Pharmacokinetics, Pharmacodynamics and Immunogenicity of QGE031 in Japanese Atopic Male Subjects",Novartis Pharmaceuticals,COMPLETED,PHASE1,INTERVENTIONAL,2011-03,2012-08
NCT01289054,A Global Imatinib and Nilotinib Pregnancy Exposure Registry,Novartis Pharmaceuticals,COMPLETED,OBSERVATIONAL,OBSERVATIONAL,2011-01,2015-03
NCT01035229,Global Study Looking at the Combination of RAD001 Plus Best Supportive Care (BSC) and Placebo Plus BSC to Treat Patients With Advanced Hepatocellular Carcinoma.,Novartis Pharmaceuticals,COMPLETED,PHASE3,INTERVENTIONAL,2010-04,2013-10
NCT02792231,Efficacy and Safety of Ofatumumab Compared to Teriflunomide in Patients With Relapsing Multiple Sclerosis.,Novartis Pharmaceuticals,COMPLETED,PHASE3,INTERVENTIONAL,2016-08-26,2020-10-22
NCT01110902,"Efficacy, Safety and Tolerability of Agomelatine Sublingual Tablets in the Treatment of Major Depressive Disorder (MDD)",Novartis Pharmaceuticals,COMPLETED,PHASE3,INTERVENTIONAL,2010-05,2011-06
NCT00549601,"Convenience, Tolerability, and Safety of Change in the Administration of Rivastigmine From Capsules to a Transdermal Patch in Patients With Mild to Moderate Alzheimer's Disease",Novartis,COMPLETED,PHASE4,INTERVENTIONAL,2007-09,2009-04
NCT00705575,Efficacy and Safety of the Combination Aliskiren (300 mg) and Hydrochlorothiazide (25mg) to Aliskiren (300mg) Monotherapy in Patients With Staged II Hypertension,Novartis,COMPLETED,PHASE3,INTERVENTIONAL,2008-06,2009-04
NCT01625377,"A National Multi-center Randomized, Open Label Study to Evaluate Efficacy and Safety of Everolimus With EC-MPS Compared to Standard Treatment Combination Tacrolimus and EC-MPS in de Novo Liver Transplant Recipients",Novartis Pharmaceuticals,COMPLETED,PHASE3,INTERVENTIONAL,2012-12,2015-03
NCT01928472,Dose-finding Study of Four Dosage Levels of an H7N9 Influenza Vaccine in Adults Between Ages of 18 Years and 65 Years,Novartis Vaccines,COMPLETED,PHASE1,INTERVENTIONAL,2013-08,2014-09
NCT05816395,Safety and Efficacy of RHH646 for Knee Osteoarthritis,Novartis Pharmaceuticals,COMPLETED,PHASE2,INTERVENTIONAL,2023-05-31,2025-02-24
NCT02396212,Study of Efficacy and Safety of Canakinumab in Japanese Patients With SJIA,Novartis Pharmaceuticals,COMPLETED,PHASE3,INTERVENTIONAL,2015-05-07,2018-08-01
NCT01092065,Efficacy and Safety of AFQ056 When Combined With Increased Doses of L-dopa in Parkinson's Disease Patients With Moderate-severe L-dopa Induced Dyskinesia,Novartis,COMPLETED,PHASE2,INTERVENTIONAL,2010-03,2011-07
NCT04346654,A Study to Assess Efficacy and Safety of Eltrombopag in Combination With a Short Course of Dexamethasone in Patients With Newly Diagnosed ITP,Novartis Pharmaceuticals,COMPLETED,PHASE2,INTERVENTIONAL,2020-10-09,2023-09-22
NCT00903175,Efficacy and Safety Comparison of RAD001 Versus Sunitinib in the First-line and Second-line Treatment of Patients With Metastatic Renal Cell Carcinoma,Novartis Pharmaceuticals,COMPLETED,PHASE2,INTERVENTIONAL,2009-10,2015-05
NCT00654875,Efficacy and Safety of Once Daily Dosing of Aliskiren (300 mg (qd) Once a Day) to Twice Daily Dosing of Aliskiren (150 mg (Bid) Twice a Day) in Treating Moderate Hypertension.,Novartis,COMPLETED,PHASE4,INTERVENTIONAL,2008-03,2008-11
NCT00460577,Efficacy of Formoterol vs Ipatropioum Bromide Plus Fenoterol in Children (5-<12 Years) With Acute Bronchial Obstruction,Novartis,COMPLETED,PHASE4,INTERVENTIONAL,2007-03,2008-09
NCT01193101,Efficacy and Safety of LCZ696 Compared to Placebo in Patients With Essential Hypertension,Novartis Pharmaceuticals,COMPLETED,PHASE2,INTERVENTIONAL,2010-08,2011-04
NCT00941031,AIN457 Regimen Finding Study in Patients With Moderate to Severe Psoriasis,Novartis Pharmaceuticals,COMPLETED,PHASE2,INTERVENTIONAL,2009-07,2010-12
NCT02515331,Safety and Efficacy Study of LHW090 in Resistant Hypertension Patients,Novartis Pharmaceuticals,COMPLETED,PHASE2,INTERVENTIONAL,2015-11-04,2017-08-17
NCT00646737,Conversion From Mycophenolate Mofetil to Mycophenolate Sodium in Renal Transplant,Novartis,COMPLETED,PHASE4,INTERVENTIONAL,2008-05,2008-12
NCT00099957,A Clinical Study to Assess the Effect of Vildagliptin on Postprandial Lipid Parameters in Patients With Type 2 Diabetes,Novartis Pharmaceuticals,COMPLETED,PHASE2,INTERVENTIONAL,2003-09,2005-06
NCT01563354,3-arm Trial to Evaluate Pasireotide LAR/Everolimus Alone/in Combination in Patients With Lung/Thymus NET - LUNA Trial,Novartis Pharmaceuticals,COMPLETED,PHASE2,INTERVENTIONAL,2013-08-16,2020-02-10
NCT00853957,Efficacy and Safety of Aliskiren Administered in Combination With Amlodipine Versus Amlodipine Alone in African American Patients With Stage 2 Hypertension,Novartis,COMPLETED,PHASE4,INTERVENTIONAL,2009-02,2009-08
NCT01988662,"UNcovering the Difference Between Ranibizumab and Aflibercept, Focusing on Systemic Anti-vascular Endothelial Growth Factor (VEGF) Effects in Patients With neovascuLar Age-related Macular Degeneration (AMD)",Novartis Pharmaceuticals,COMPLETED,PHASE4,INTERVENTIONAL,2014-04,2015-09
NCT00238446,Efficacy and Safety of Enteric-coated Mycophenolate Sodium in Heart Transplant Recipients,Novartis Pharmaceuticals,COMPLETED,PHASE3,INTERVENTIONAL,2003-04,
NCT00239070,Extension Study on the Safety and Efficacy of Enteric-coated Mycophenolate Sodium in Kidney Transplant Recipients,Novartis,COMPLETED,PHASE3,INTERVENTIONAL,2003-04,2006-05
NCT03765788,A Placebo-controlled Phase 2 Trial to Investigate the Safety and Efficacy of Secukinumab in Giant Cell Arteritis,Novartis Pharmaceuticals,COMPLETED,PHASE2,INTERVENTIONAL,2019-01-30,2021-06-08
NCT01434680,Evaluating the Comparative Safety and Immunogenicity of Three Lots of Novartis Meningococcal C Conjugate Vaccine in Healthy Toddlers,Novartis,COMPLETED,PHASE2,INTERVENTIONAL,2011-09,2012-11
NCT00311480,"Safety and Immunogenicity of Two Doses, Administered Three Weeks Apart, of Two(Surface Antigen Adjuvanted With MF59C.1) Influenza Vaccines in Non-Elderly Adult and Elderly Subjects",Novartis,COMPLETED,PHASE2,INTERVENTIONAL,2006-03,
NCT00133627,Ketotifen Ophthalmic Solution With Emedastine in Patients With Seasonal Allergic Conjunctivitis,Novartis,COMPLETED,PHASE4,INTERVENTIONAL,2005-04,2005-10
NCT02159053,"16-week Efficacy and 2-year Safety, Tolerability and Efficacy of Secukinumab in Participants With Active Ankylosing Spondylitis",Novartis Pharmaceuticals,COMPLETED,PHASE3,INTERVENTIONAL,2015-05-18,2018-01-02
NCT00489424,"Acetaminophen or Fluvastatin Compared to Placebo on the Transient Post-Dose Symptoms (PDS) Following an Intravenous (i.v.) Infusion of a Single Dose of Zoledronic Acid 5mg, in Post-menopausal Women With Low Bone Mass",Novartis Pharmaceuticals,COMPLETED,PHASE4,INTERVENTIONAL,2007-06,2007-12
NCT02992483,"Phase I Study of MIK665, a Mcl-1 Inhibitor, in Patients With Refractory or Relapsed Lymphoma or Multiple Myeloma",Novartis Pharmaceuticals,COMPLETED,PHASE1,INTERVENTIONAL,2017-07-12,2019-06-07
NCT00740129,Re-treatment of Participants With Paget's Disease Using Zoledronic Acid,Novartis Pharmaceuticals,COMPLETED,PHASE4,INTERVENTIONAL,2008-10-21,2011-03-14
NCT01994629,Safety and Immunogenicity of One Dose of Novartis' Meningococcal ACWY-CRM Vaccine and GlaxoSmithKline Biologicals' Meningococcal ACWY-TT Vaccine in Healthy Toddlers,Novartis Vaccines,COMPLETED,PHASE2,INTERVENTIONAL,2013-11,2014-10
NCT00099229,Study of Licarbazepine in the Treatment of Manic Episodes of Bipolar Disorder,Novartis Pharmaceuticals,COMPLETED,PHASE3,INTERVENTIONAL,2004-11,2006-08
NCT00237237,Vildagliptin Compared to Pioglitazone in Combination With Metformin in Patients With Type 2 Diabetes,Novartis,COMPLETED,PHASE3,INTERVENTIONAL,2005-10,
NCT01396057,Efficacy and Safety of Ranibizumab Intravitreal Injections Versus Dexamethasone Intravitreal Implant in Patients With Branch Retinal Vein Occlusion (BRVO),Novartis Pharmaceuticals,COMPLETED,PHASE3,INTERVENTIONAL,2011-07,2013-06
NCT07235046,A Study of DII235 in Adults With Elevated Lipoprotein(a),Novartis Pharmaceuticals,ACTIVE_NOT_RECRUITING,PHASE2,INTERVENTIONAL,2025-12-02,2028-04-25
NCT05544929,A Study of Safety and Efficacy of KFA115 Alone and in Combo With Pembrolizumab in Patients With Select Advanced Cancers,Novartis Pharmaceuticals,ACTIVE_NOT_RECRUITING,PHASE1,INTERVENTIONAL,2022-10-26,2027-09-01
NCT06903234,Post-authorization Safety Study of Iptacopan in Adult Patients With Paroxysmal Nocturnal Hemoglobinuria (PNH) Using Data From the IPIG PNH Registry,Novartis Pharmaceuticals,ACTIVE_NOT_RECRUITING,OBSERVATIONAL,OBSERVATIONAL,2025-03-31,2029-10-01
NCT06088979,A Study to Investigate Efficacy and Safety of TOUR006 in Participants 18 to 80 Years of Age With Thyroid Eye Disease,"Tourmaline Bio, Inc., a Novartis Company",ACTIVE_NOT_RECRUITING,PHASE2,INTERVENTIONAL,2024-02-19,2027-09
NCT06604897,Effectiveness of Entresto (Sacubitril/Valsartan) in Japanese Patients With Hypertension,Novartis,ACTIVE_NOT_RECRUITING,OBSERVATIONAL,OBSERVATIONAL,2023-01-31,2025-03-31
NCT05109728,A Dose Finding Study of [177Lu]Lu-DOTA-TATE in Newly Diagnosed Glioblastoma in Combination With Standard of Care and in Recurrent Glioblastoma as a Single Agent.,Novartis Pharmaceuticals,ACTIVE_NOT_RECRUITING,PHASE1,INTERVENTIONAL,2022-05-10,2027-07-31
NCT06991608,A Study to Compare Digital Disease Monitoring of Patients With csU (Telemedicine to Face-to-Face Visits) in Germany,Novartis Pharmaceuticals,ACTIVE_NOT_RECRUITING,OBSERVATIONAL,OBSERVATIONAL,2024-06-11,2025-12-31
NCT07047118,A Study of JSB462 (Luxdegalutamide) Plus Lutetium (177Lu) Vipivotide Tetraxetan in Patients With Metastatic Castration Resistant Prostate Cancer (mCRPC),Novartis Pharmaceuticals,ACTIVE_NOT_RECRUITING,PHASE2,INTERVENTIONAL,2025-07-03,2028-05-14
NCT06444113,Concentration of Ofatumumab in the Breast Milk of Lactating Women With Relapsing Forms of Multiple Sclerosis,Novartis Pharmaceuticals,ACTIVE_NOT_RECRUITING,PHASE4,INTERVENTIONAL,2024-11-25,2026-10-29
NCT05726838,The Belgian REAL (BE.REAL) Registry,Novartis Pharmaceuticals,ACTIVE_NOT_RECRUITING,OBSERVATIONAL,OBSERVATIONAL,2022-04-15,2029-03-30
NCT06894511,An Open-label Study of Lutetium (177Lu) Vipivotide Tetraxetan (AAA617) in Combination With ARPI Versus AAA617 in PSMA Positive First-line mCRPC,Novartis Pharmaceuticals,ACTIVE_NOT_RECRUITING,PHASE2,INTERVENTIONAL,2025-09-11,2026-10-15
NCT05147220,Efficacy and Safety of Remibrutinib Compared to Teriflunomide in Participants With Relapsing Multiple Sclerosis (RMS),Novartis Pharmaceuticals,ACTIVE_NOT_RECRUITING,PHASE3,INTERVENTIONAL,2021-12-16,2030-10-30
NCT05397496,Study of PIT565 in Relapsed and/or Refractory B-cell Malignancies,Novartis Pharmaceuticals,ACTIVE_NOT_RECRUITING,PHASE1,INTERVENTIONAL,2022-10-03,2026-08-20
NCT05888493,A Phase III Trial Comparing Tisagenlecleucel to Standard of Care (SoC) in Adult Participants With r/r Follicular Lymphoma,Novartis Pharmaceuticals,ACTIVE_NOT_RECRUITING,PHASE3,INTERVENTIONAL,2023-10-02,2031-02-20
NCT05552469,Dose Optimization and Expansion Study of DFV890 in Adult Patients With Myeloid Diseases,Novartis Pharmaceuticals,ACTIVE_NOT_RECRUITING,PHASE1,INTERVENTIONAL,2023-05-08,2027-01-13
NCT05648968,A Study of Efficacy and Safety of Ianalumab in Previously Treated Patients With Warm Autoimmune Hemolytic Anemia,Novartis Pharmaceuticals,ACTIVE_NOT_RECRUITING,PHASE3,INTERVENTIONAL,2022-12-30,2028-12-19
NCT04524000,Study Assessing the Efficacy and Safety of Treatment With Alpelisib Plus Fulvestrant in Japanese Men and Postmenopausal Women With Advanced Breast Cancer,Novartis Pharmaceuticals,ACTIVE_NOT_RECRUITING,PHASE2,INTERVENTIONAL,2021-01-08,2027-02-27
NCT05399992,Study Evaluating LDL-C Change and Adherence to Inclisiran Lipid-lowering Therapy in ASCVD,Novartis Pharmaceuticals,ACTIVE_NOT_RECRUITING,OBSERVATIONAL,OBSERVATIONAL,2022-09-12,2026-10-05
NCT03975829,Pediatric Long-Term Follow-up and Rollover Study,Novartis Pharmaceuticals,ACTIVE_NOT_RECRUITING,PHASE4,INTERVENTIONAL,2019-11-04,2026-11-05
NCT05126277,"Safety, Efficacy and Tolerability of Ianalumab Versus Placebo, Combination With SoC Therapy, in Participants With Active Lupus Nephritis",Novartis Pharmaceuticals,ACTIVE_NOT_RECRUITING,PHASE3,INTERVENTIONAL,2022-07-14,2031-02-11
NCT06157086,Assessment of the Quality of Life of Multiple Sclerosis Patients Treated With Ofatumumab in Real-life in France,Novartis Pharmaceuticals,ACTIVE_NOT_RECRUITING,OBSERVATIONAL,OBSERVATIONAL,2023-12-21,2026-07-31
NCT05921994,Long Term Observational Study to Collect in a Real-world populatIon Data on the Treatment Pattern of secukinumAb in Adult Patients With Moderate to Severe Hidradenitis Suppurativa.,Novartis Pharmaceuticals,ACTIVE_NOT_RECRUITING,OBSERVATIONAL,OBSERVATIONAL,2023-08-10,2027-03-31
NCT02962414,Roll-over Study to Collect and Assess Long-term Safety of Everolimus in Patients With TSC and Refractory Seizures Who Have Completed the EXIST-3 Study [CRAD001M2304] and Who Are Benefitting From Continued Treatment,Novartis Pharmaceuticals,ACTIVE_NOT_RECRUITING,PHASE3,INTERVENTIONAL,2017-06-08,2027-08-13
NCT05885555,A Study of Ianalumab (VAY736) in Patients With Primary Immune Thrombocytopenia (ITP) Previously Treated With at Least Two Lines of Therapies,Novartis Pharmaceuticals,ACTIVE_NOT_RECRUITING,PHASE2,INTERVENTIONAL,2023-08-16,2029-03-19
NCT04971226,A Study of Oral Asciminib Versus Other TKIs in Adult Patients With Newly Diagnosed Ph+ CML-CP,Novartis Pharmaceuticals,ACTIVE_NOT_RECRUITING,PHASE3,INTERVENTIONAL,2021-10-06,2031-01-18
